Stock Symbol,Company Name,ISIN Code,Action,Quantity,Transaction Price,Brokerage,Transaction Charges,StampDuty,Segment,STT Paid/Not Paid,Remarks,Transaction Date,Exchange,
AARIND,AARTI INDUSTRIES LTD,INE769A01020,Buy,4,460.65,16.32,0.06,0.00,TT,STT Paid,icicidirect,31-Jul-2023,NSE,
AARIND,AARTI INDUSTRIES LTD,INE769A01020,Sell,1,508.00,1.32,0.01,0.00,TT,STT Paid,icicidirect,07-Nov-2023,BSE,
AARIND,AARTI INDUSTRIES LTD,INE769A01020,Sell,1,515.00,1.34,0.01,0.00,TT,STT Paid,icicidirect,08-Nov-2023,BSE,
AARIND,AARTI INDUSTRIES LTD,INE769A01020,Sell,1,578.95,1.51,0.02,0.00,TT,STT Paid,icicidirect,15-Dec-2023,BSE,
AARIND,AARTI INDUSTRIES LTD,INE769A01020,Sell,1,739.35,1.92,0.02,0.00,TT,STT Paid,icicidirect,15-Apr-2024,BSE,
AARIND,AARTI INDUSTRIES LTD,INE769A01020,Buy,10,429.00,11.16,0.14,0.76,TT,STT Paid,icicidirect,14-Nov-2024,NSE,
AARIND,AARTI INDUSTRIES LTD,INE769A01020,Buy,5,396.40,5.16,0.06,0.30,TT,STT Paid,icicidirect,12-Mar-2025,NSE,
AARIND,AARTI INDUSTRIES LTD,INE769A01020,Buy,5,356.00,4.63,0.06,0.00,TT,STT Paid,icicidirect,08-Apr-2025,NSE,
AARIND,AARTI INDUSTRIES LTD,INE769A01020,Buy,1,358.05,0.93,0.01,0.00,TT,STT Paid,icicidirect,13-Jan-2026,NSE,
ABAHOL,ABANS FINANCIAL SERVICES LTD,INE00ZE01026,Buy,55,270.00,0.00,0.00,0.00,Rolling,STT Paid,icicidirect,20-Dec-2022,NSE,
ABAHOL,ABANS FINANCIAL SERVICES LTD,INE00ZE01026,Sell,12,234.80,18.30,0.07,0.00,TT,STT Paid,icicidirect,23-Dec-2022,NSE,
ABAHOL,ABANS FINANCIAL SERVICES LTD,INE00ZE01026,Sell,42,234.95,64.08,0.23,0.00,TT,STT Paid,icicidirect,23-Dec-2022,NSE,
ABAHOL,ABANS FINANCIAL SERVICES LTD,INE00ZE01026,Sell,1,273.00,2.42,0.01,0.00,TT,STT Paid,icicidirect,23-Dec-2022,NSE,
ADAENT,ADANI ENTERPRISES LIMITED,INE423A01024,Buy,2,2830.00,29.53,0.19,0.00,Rolling,STT Paid,icicidirect,11-Aug-2022,NSE,
ADAENT,ADANI ENTERPRISES LIMITED,INE423A01024,Sell,2,2834.95,29.53,0.19,0.00,Rolling,STT Paid,icicidirect,11-Aug-2022,NSE,
ADAENT,ADANI ENTERPRISES LIMITED,INE423A01024,Buy,2,1435.00,25.42,0.10,0.00,TT,STT Paid,icicidirect,03-Feb-2023,NSE,
ADAENT,ADANI ENTERPRISES LIMITED,INE423A01024,Buy,2,1635.70,28.97,0.11,0.58,TT,STT Paid,icicidirect,03-Feb-2023,NSE,
ADAENT,ADANI ENTERPRISES LIMITED,INE423A01024,Sell,2,1958.45,34.69,0.13,0.00,TT,STT Paid,icicidirect,08-Feb-2023,NSE,
ADAENT,ADANI ENTERPRISES LIMITED,INE423A01024,Sell,1,3208.00,8.34,0.09,0.00,TT,STT Paid,icicidirect,04-Apr-2024,BSE,
ADAENT,ADANI ENTERPRISES LIMITED,INE423A01024,Buy,1,2261.85,5.88,0.07,0.34,TT,STT Paid,icicidirect,12-Mar-2025,NSE,
ADAGAS,ADANI TOTAL GAS LIMITED,INE399L01023,Buy,2,652.00,11.55,0.04,0.63,TT,STT Paid,icicidirect,07-Aug-2023,NSE,
ADAGAS,ADANI TOTAL GAS LIMITED,INE399L01023,Buy,6,678.95,36.08,0.13,1.00,TT,STT Paid,icicidirect,22-Aug-2023,NSE,
ADAGAS,ADANI TOTAL GAS LIMITED,INE399L01023,Buy,1,625.00,5.54,0.02,0.00,TT,STT Paid,icicidirect,01-Sep-2023,NSE,
ADAPOR,ADANI PORT AND SPECIAL ECONO,INE742F01042,Buy,4,461.50,16.35,0.06,0.42,TT,STT Paid,icicidirect,03-Feb-2023,NSE,
ADAPOR,ADANI PORT AND SPECIAL ECONO,INE742F01042,Buy,2,482.90,8.55,0.03,0.00,TT,STT Paid,icicidirect,03-Feb-2023,NSE,
ADAPOR,ADANI PORT AND SPECIAL ECONO,INE742F01042,Sell,1,694.00,6.15,0.02,0.00,TT,STT Paid,icicidirect,09-May-2023,NSE,
ADAPOR,ADANI PORT AND SPECIAL ECONO,INE742F01042,Sell,1,711.00,6.30,0.02,0.00,TT,STT Paid,icicidirect,11-May-2023,NSE,
ADAPOR,ADANI PORT AND SPECIAL ECONO,INE742F01042,Sell,1,711.00,6.30,0.02,0.00,TT,STT Paid,icicidirect,11-May-2023,NSE,
ADAPOR,ADANI PORT AND SPECIAL ECONO,INE742F01042,Sell,1,740.00,6.55,0.02,0.00,TT,STT Paid,icicidirect,22-May-2023,NSE,
ADAPOR,ADANI PORT AND SPECIAL ECONO,INE742F01042,Sell,1,1015.05,2.64,0.03,0.00,TT,STT Paid,icicidirect,08-Dec-2023,BSE,
ADAPOR,ADANI PORT AND SPECIAL ECONO,INE742F01042,Sell,1,1335.00,3.47,0.04,0.00,TT,STT Paid,icicidirect,15-Apr-2024,BSE,
ADAPOW,ADANI POWER LIMITED,INE814H01029,Buy,18,157.00,25.02,0.07,0.00,TT,STT Paid,icicidirect,20-Feb-2023,NSE,
ADAPOW,ADANI POWER LIMITED,INE814H01029,Buy,10,31.40,2.78,0.01,0.00,TT,STT Paid,icicidirect,20-Feb-2023,NSE,
ADAPOW,ADANI POWER LIMITED,INE814H01029,Sell,5,335.00,14.83,0.05,0.00,TT,STT Paid,icicidirect,22-Aug-2023,BSE,
ADAPOW,ADANI POWER LIMITED,INE814H01029,Sell,5,335.00,14.83,0.05,0.00,TT,STT Paid,icicidirect,22-Aug-2023,BSE,
ADAPOW,ADANI POWER LIMITED,INE814H01029,Sell,3,547.50,4.27,0.05,0.00,TT,STT Paid,icicidirect,19-Dec-2023,NSE,
ADAPOW,ADANI POWER LIMITED,INE814H01029,Sell,3,614.15,4.79,0.05,0.00,TT,STT Paid,icicidirect,12-Apr-2024,BSE,
ADAPOW,ADANI POWER LIMITED,INE814H01029,Sell,1,600.00,1.56,0.02,0.00,TT,STT Paid,icicidirect,12-Apr-2024,BSE,
ADAPOW,ADANI POWER LIMITED,INE814H01029,Sell,1,738.05,1.92,0.02,0.00,TT,STT Paid,icicidirect,25-Jun-2024,BSE,
ADATRA,ADANI ENERGY SOLUTIONS LIMITED,INE931S01010,Buy,2,905.00,16.03,0.06,0.42,TT,STT Paid,icicidirect,21-Aug-2023,NSE,
ADATRA,ADANI ENERGY SOLUTIONS LIMITED,INE931S01010,Buy,2,764.85,3.98,0.05,0.23,TT,STT Paid,icicidirect,12-Mar-2025,NSE,
ADAWIL,AWL AGRI BUSINESS LIMITED,INE699H01024,Buy,20,269.90,29.53,0.15,1.00,Rolling,STT Paid,icicidirect,08-Feb-2022,NSE,
ADAWIL,AWL AGRI BUSINESS LIMITED,INE699H01024,Sell,15,826.35,39.56,0.36,0.00,Rolling,STT Paid,icicidirect,29-Apr-2022,NSE,
ADAWIL,AWL AGRI BUSINESS LIMITED,INE699H01024,Sell,5,680.20,30.12,0.10,0.00,TT,STT Paid,icicidirect,05-May-2022,NSE,
AETIND,AETHER INDUSTRIES LIMITED,INE0BWX01014,Buy,23,642.00,0.00,0.00,0.00,Rolling,STT Paid,icicidirect,01-Jun-2022,NSE,
AETIND,AETHER INDUSTRIES LIMITED,INE0BWX01014,Sell,18,776.75,90.81,0.39,0.00,Rolling,STT Paid,icicidirect,03-Jun-2022,BSE,
AETIND,AETHER INDUSTRIES LIMITED,INE0BWX01014,Sell,3,980.00,26.03,0.08,0.00,TT,STT Paid,icicidirect,19-Apr-2023,BSE,
AGRPHO,AGRO PHOS INDIA LIMITED,INE740V01019,Buy,4,73.00,2.59,0.01,0.00,Rolling,STT Paid,icicidirect,06-May-2022,NSE,
AGRPHO,AGRO PHOS INDIA LIMITED,INE740V01019,Sell,4,41.35,1.46,0.00,0.00,Rolling,STT Paid,icicidirect,24-May-2022,NSE,
AGSTRA,AGS TRANSACT TECHNOLOGIES LTD,INE583L01014,Buy,2,66.95,0.35,0.00,0.00,TT,STT Paid,icicidirect,27-Mar-2024,NSE,
AGSTRA,AGS TRANSACT TECHNOLOGIES LTD,INE583L01014,Sell,1,78.38,0.20,0.00,0.00,TT,STT Paid,icicidirect,03-Apr-2024,BSE,
AGSTRA,AGS TRANSACT TECHNOLOGIES LTD,INE583L01014,Buy,3,6.69,0.05,0.00,0.00,TT,STT Paid,icicidirect,08-Apr-2025,NSE,
AGSTRA,AGS TRANSACT TECHNOLOGIES LTD,INE583L01014,Sell,1,5.18,0.01,0.00,0.00,TT,STT Paid,icicidirect,13-Aug-2025,BSE,
AGSTRA,AGS TRANSACT TECHNOLOGIES LTD,INE583L01014,Sell,3,4.16,0.03,0.01,0.00,TT,STT Paid,icicidirect,26-Dec-2025,BSE,
AKMFIN,AKME FINTRADE INDIA LIMITED,INE916Y01027,Buy,10,11.32,0.29,0.00,0.00,TT,STT Paid,icicidirect,01-Jul-2024,BSE,
AKMFIN,AKME FINTRADE INDIA LIMITED,INE916Y01027,Buy,50,11.32,1.47,0.02,0.00,TT,STT Paid,icicidirect,01-Jul-2024,BSE,
AKMFIN,AKME FINTRADE INDIA LIMITED,INE916Y01027,Buy,20,10.14,0.53,0.01,0.00,TT,STT Paid,icicidirect,16-Jul-2024,BSE,
AKMFIN,AKME FINTRADE INDIA LIMITED,INE916Y01027,Buy,10,9.45,0.25,0.00,0.00,TT,STT Paid,icicidirect,22-Jul-2024,BSE,
AKMFIN,AKME FINTRADE INDIA LIMITED,INE916Y01027,Buy,50,11.47,1.49,0.02,0.00,TT,STT Paid,icicidirect,20-Aug-2024,BSE,
AKMFIN,AKME FINTRADE INDIA LIMITED,INE916Y01027,Buy,40,9.26,0.96,0.01,0.06,TT,STT Paid,icicidirect,13-Nov-2024,NSE,
AKMFIN,AKME FINTRADE INDIA LIMITED,INE916Y01027,Sell,1,6.93,0.02,0.00,0.00,TT,STT Paid,icicidirect,11-Aug-2025,BSE,
ANUPHA,ANUH PHARMA LTD,INE489G01022,Buy,1,88.25,0.80,0.09,0.00,TT,STT Paid,icicidirect,13-Feb-2023,BSE,
ANUPHA,ANUH PHARMA LTD,INE489G01022,Buy,1,80.40,0.73,0.08,0.00,TT,STT Paid,icicidirect,14-Mar-2023,BSE,
ANUPHA,ANUH PHARMA LTD,INE489G01022,Sell,1,95.00,0.86,0.10,0.00,TT,STT Paid,icicidirect,19-May-2023,BSE,
ANUPHA,ANUH PHARMA LTD,INE489G01022,Sell,1,108.00,0.98,0.11,0.00,TT,STT Paid,icicidirect,14-Jun-2023,BSE,
ANUPHA,ANUH PHARMA LTD,INE489G01022,Buy,10,81.00,2.11,0.03,0.12,TT,STT Paid,icicidirect,31-Dec-2025,NSE,
APOTYR,APOLLO TYRES LTD,INE438A01022,Buy,1,507.35,1.32,0.02,0.08,TT,STT Paid,icicidirect,29-Dec-2025,NSE,
ASHLEY,ASHOK LEYLAND LTD,INE208A01029,Buy,2,125.55,2.22,0.00,0.00,Rolling,STT Paid,icicidirect,17-Sep-2021,NSE,
ASHLEY,ASHOK LEYLAND LTD,INE208A01029,Buy,4,118.85,4.21,0.01,0.00,Rolling,STT Paid,icicidirect,02-Dec-2021,NSE,
ASHLEY,ASHOK LEYLAND LTD,INE208A01029,Sell,3,130.00,3.45,0.01,0.00,Rolling,STT Paid,icicidirect,26-Apr-2022,BSE,
ASHLEY,ASHOK LEYLAND LTD,INE208A01029,Sell,3,128.55,3.42,0.01,0.00,Rolling,STT Paid,icicidirect,20-May-2022,NSE,
ASIPAI,ASIAN PAINTS INDIA LTD,INE021A01026,Buy,2,2470.00,12.85,0.16,0.74,TT,STT Paid,icicidirect,13-Nov-2024,NSE,
AVESUP,AVENUE SUPERMARTS LTD DMART,INE192R01011,Buy,1,3762.00,9.79,0.12,0.63,TT,STT Paid,icicidirect,07-Jan-2026,NSE,
AVESUP,AVENUE SUPERMARTS LTD DMART,INE192R01011,Buy,1,3843.00,10.00,0.12,1.00,TT,STT Paid,icicidirect,08-Jan-2026,NSE,
BANBAN,BANDHAN BANK LIMITED,INE545U01014,Buy,1,229.00,2.03,0.01,0.03,TT,STT Paid,icicidirect,07-Aug-2023,NSE,
BANBAN,BANDHAN BANK LIMITED,INE545U01014,Buy,2,217.45,1.13,0.01,0.00,TT,STT Paid,icicidirect,20-Nov-2023,NSE,
BANBAN,BANDHAN BANK LIMITED,INE545U01014,Sell,1,244.15,0.64,0.01,0.00,TT,STT Paid,icicidirect,12-Dec-2023,NSE,
BANBAN,BANDHAN BANK LIMITED,INE545U01014,Buy,4,182.20,1.90,0.02,0.00,TT,STT Paid,icicidirect,27-Mar-2024,NSE,
BANBAN,BANDHAN BANK LIMITED,INE545U01014,Sell,1,202.40,0.53,0.01,0.00,TT,STT Paid,icicidirect,27-Jun-2024,BSE,
BANBEE,NIPPON INDIA ETF NIF BANK BEES,INF204KB15I9,Buy,2,435.82,7.72,0.03,0.13,TT,STT Paid,icicidirect,26-Oct-2023,NSE,
BANBEE,NIPPON INDIA ETF NIF BANK BEES,INF204KB15I9,Sell,1,487.20,1.27,0.02,0.00,TT,STT Paid,icicidirect,22-Dec-2023,NSE,
BANIND,BANK OF INDIA,INE084A01016,Buy,1,83.50,0.74,0.00,0.00,TT,STT Paid,icicidirect,08-Aug-2023,NSE,
BANIND,BANK OF INDIA,INE084A01016,Sell,1,112.50,1.00,0.00,0.00,TT,STT Paid,icicidirect,04-Oct-2023,NSE,
BHAPET,BHARAT PETROLEUM CORPN LTD,INE029A01011,Buy,1,353.60,3.13,0.01,0.00,TT,STT Paid,icicidirect,14-Aug-2023,NSE,
BHAPET,BHARAT PETROLEUM CORPN LTD,INE029A01011,Buy,1,341.35,3.02,0.01,0.00,TT,STT Paid,icicidirect,04-Oct-2023,NSE,
BHAPET,BHARAT PETROLEUM CORPN LTD,INE029A01011,Buy,1,335.00,2.97,0.01,0.00,TT,STT Paid,icicidirect,27-Oct-2023,NSE,
BHAPET,BHARAT PETROLEUM CORPN LTD,INE029A01011,Sell,1,383.00,1.00,0.01,0.00,TT,STT Paid,icicidirect,10-Nov-2023,NSE,
BHAPET,BHARAT PETROLEUM CORPN LTD,INE029A01011,Sell,1,413.00,1.07,0.01,0.00,TT,STT Paid,icicidirect,24-Nov-2023,NSE,
BHAPET,BHARAT PETROLEUM CORPN LTD,INE029A01011,Sell,1,474.05,1.23,0.01,0.00,TT,STT Paid,icicidirect,11-Dec-2023,BSE,
BHAPET,BHARAT PETROLEUM CORPN LTD,INE029A01011,Buy,1,348.95,0.91,0.01,0.00,TT,STT Paid,icicidirect,20-Aug-2024,NSE,
BHAPET,BHARAT PETROLEUM CORPN LTD,INE029A01011,Buy,2,301.00,1.57,0.02,0.09,TT,STT Paid,icicidirect,05-Nov-2024,NSE,
BHAPET,BHARAT PETROLEUM CORPN LTD,INE029A01011,Buy,5,292.95,3.81,0.05,0.22,TT,STT Paid,icicidirect,18-Nov-2024,NSE,
BHAPET,BHARAT PETROLEUM CORPN LTD,INE029A01011,Buy,10,238.00,6.19,0.08,0.36,TT,STT Paid,icicidirect,03-Mar-2025,NSE,
BHAPET,BHARAT PETROLEUM CORPN LTD,INE029A01011,Sell,1,366.35,0.95,0.01,0.00,TT,STT Paid,icicidirect,24-Dec-2025,BSE,
BHAPET,BHARAT PETROLEUM CORPN LTD,INE029A01011,Buy,1,358.00,0.93,0.01,0.05,TT,STT Paid,icicidirect,16-Jan-2026,NSE,
BHEL,BHARAT HEAVY ELECTRICALS LTD,INE257A01026,Buy,2,70.90,1.26,0.00,0.00,TT,STT Paid,icicidirect,10-Apr-2023,NSE,
BHEL,BHARAT HEAVY ELECTRICALS LTD,INE257A01026,Sell,1,79.50,0.70,0.00,0.00,TT,STT Paid,icicidirect,02-May-2023,NSE,
BHEL,BHARAT HEAVY ELECTRICALS LTD,INE257A01026,Sell,1,84.50,0.75,0.00,0.00,TT,STT Paid,icicidirect,03-May-2023,NSE,
BIOCON,BIOCON LIMITED,INE376G01013,Buy,5,350.60,15.52,0.05,0.00,Rolling,STT Paid,icicidirect,06-Apr-2022,BSE,
BIOCON,BIOCON LIMITED,INE376G01013,Sell,3,383.05,10.18,0.03,0.00,Rolling,STT Paid,icicidirect,26-Apr-2022,NSE,
BIOCON,BIOCON LIMITED,INE376G01013,Buy,2,312.50,5.54,0.02,0.00,Rolling,STT Paid,icicidirect,16-Aug-2022,NSE,
BIOCON,BIOCON LIMITED,INE376G01013,Buy,2,312.50,5.54,0.02,0.19,Rolling,STT Paid,icicidirect,16-Aug-2022,NSE,
BIOCON,BIOCON LIMITED,INE376G01013,Sell,1,347.55,0.90,0.01,0.00,TT,STT Paid,icicidirect,27-Jun-2024,BSE,
BIOCON,BIOCON LIMITED,INE376G01013,Sell,1,351.00,0.91,0.01,0.00,TT,STT Paid,icicidirect,18-Jul-2024,BSE,
BIOCON,BIOCON LIMITED,INE376G01013,Sell,1,399.70,1.04,0.02,0.00,TT,STT Paid,icicidirect,26-Dec-2025,BSE,
BODCHE,BODAL CHEMICALS LTD,INE338D01028,Buy,1,68.30,0.60,0.00,0.00,TT,STT Paid,icicidirect,03-Aug-2023,BSE,
BODCHE,BODAL CHEMICALS LTD,INE338D01028,Sell,1,81.84,0.72,0.00,0.00,TT,STT Paid,icicidirect,04-Oct-2023,BSE,
BODCHE,BODAL CHEMICALS LTD,INE338D01028,Buy,10,54.00,1.41,0.02,0.08,TT,STT Paid,icicidirect,29-Dec-2025,NSE,
BRIIND,BRITANNIA INDUSTRIES LTD,INE216A01030,Sell,1,3647.75,29.52,0.10,0.00,Rolling,STT Paid,icicidirect,10-Aug-2022,BSE,
BRIIND,BRITANNIA INDUSTRIES LTD,INE216A01030,Buy,1,3640.00,29.52,0.12,0.00,Rolling,STT Paid,icicidirect,10-Aug-2022,NSE,
CAMACT,CAMPUS ACTIVEWEAR LIMITED,INE278Y01022,Buy,51,292.00,0.00,0.00,0.00,Rolling,STT Paid,icicidirect,05-May-2022,NSE,
CAMACT,CAMPUS ACTIVEWEAR LIMITED,INE278Y01022,Sell,40,329.95,85.72,0.38,0.00,Rolling,STT Paid,icicidirect,12-May-2022,NSE,
CAMACT,CAMPUS ACTIVEWEAR LIMITED,INE278Y01022,Sell,4,418.10,14.81,0.05,0.00,Rolling,STT Paid,icicidirect,05-Aug-2022,NSE,
CAMACT,CAMPUS ACTIVEWEAR LIMITED,INE278Y01022,Buy,4,305.00,10.80,0.04,0.00,TT,STT Paid,icicidirect,25-Jul-2023,NSE,
CAMACT,CAMPUS ACTIVEWEAR LIMITED,INE278Y01022,Buy,2,309.00,5.47,0.02,0.00,TT,STT Paid,icicidirect,25-Jul-2023,NSE,
CAMACT,CAMPUS ACTIVEWEAR LIMITED,INE278Y01022,Buy,2,294.00,5.21,0.02,0.00,TT,STT Paid,icicidirect,02-Aug-2023,NSE,
CASIND,CASTROL INDIA LIMITED,INE172A01027,Buy,2,136.00,2.41,0.01,0.00,TT,STT Paid,icicidirect,27-Oct-2023,NSE,
CASIND,CASTROL INDIA LIMITED,INE172A01027,Sell,1,150.95,0.39,0.00,0.00,TT,STT Paid,icicidirect,20-Dec-2023,NSE,
CASIND,CASTROL INDIA LIMITED,INE172A01027,Sell,1,195.00,0.51,0.01,0.00,TT,STT Paid,icicidirect,01-Jan-2024,BSE,
CESC,CESC LIMITED,INE486A01021,Buy,1,92.00,0.81,0.00,0.00,Rolling,STT Paid,icicidirect,20-Sep-2021,NSE,
CESC,CESC LIMITED,INE486A01021,Buy,4,83.55,2.96,0.01,0.00,Rolling,STT Paid,icicidirect,27-Jan-2022,NSE,
CESC,CESC LIMITED,INE486A01021,Buy,5,63.90,2.83,0.01,0.00,TT,STT Paid,icicidirect,28-Mar-2023,NSE,
CESC,CESC LIMITED,INE486A01021,Sell,5,76.00,3.37,0.01,0.00,TT,STT Paid,icicidirect,19-Jul-2023,BSE,
CESC,CESC LIMITED,INE486A01021,Sell,3,91.97,0.72,0.01,0.00,TT,STT Paid,icicidirect,16-Nov-2023,BSE,
CESC,CESC LIMITED,INE486A01021,Sell,1,98.40,0.26,0.00,0.00,TT,STT Paid,icicidirect,21-Nov-2023,NSE,
CESC,CESC LIMITED,INE486A01021,Sell,1,122.99,0.32,0.00,0.00,TT,STT Paid,icicidirect,08-Dec-2023,BSE,
CIPLA,CIPLA LIMITED,INE059A01026,Buy,2,1506.00,7.84,0.10,0.45,TT,STT Paid,icicidirect,29-Dec-2025,NSE,
CIPLA,CIPLA LIMITED,INE059A01026,Buy,3,1379.60,10.77,0.13,0.71,TT,STT Paid,icicidirect,16-Jan-2026,NSE,
CITUNI,CITY UNION BANK LTD,INE491A01021,Buy,10,122.00,10.80,0.04,0.18,TT,STT Paid,icicidirect,21-Aug-2023,NSE,
CITUNI,CITY UNION BANK LTD,INE491A01021,Sell,4,144.85,1.51,0.02,0.00,TT,STT Paid,icicidirect,10-Nov-2023,BSE,
CITUNI,CITY UNION BANK LTD,INE491A01021,Sell,3,161.35,1.26,0.01,0.00,TT,STT Paid,icicidirect,15-Dec-2023,BSE,
CITUNI,CITY UNION BANK LTD,INE491A01021,Sell,1,294.00,0.77,0.01,0.00,TT,STT Paid,icicidirect,26-Dec-2025,BSE,
COLPAL,COLGATE-PALMOLIVE (INDIA) LTD,INE259A01022,Buy,1,1563.50,13.85,0.05,0.23,Rolling,STT Paid,icicidirect,16-Aug-2022,NSE,
COLPAL,COLGATE-PALMOLIVE (INDIA) LTD,INE259A01022,Sell,1,1644.35,14.56,0.05,0.00,TT,STT Paid,icicidirect,12-May-2023,BSE,
COLPAL,COLGATE-PALMOLIVE (INDIA) LTD,INE259A01022,Buy,5,2053.30,26.72,0.40,1.88,TT,STT Paid,icicidirect,31-Dec-2025,BSE,
CREGRA,CREDITACCESS GRAMEEN LIMITED,INE741K01010,Buy,1,1285.00,3.34,0.04,0.00,TT,STT Paid,icicidirect,10-Jul-2024,NSE,
CREGRA,CREDITACCESS GRAMEEN LIMITED,INE741K01010,Buy,1,997.50,2.60,0.03,0.15,TT,STT Paid,icicidirect,04-Nov-2024,NSE,
CREGRA,CREDITACCESS GRAMEEN LIMITED,INE741K01010,Buy,1,954.50,2.48,0.03,0.14,TT,STT Paid,icicidirect,05-Nov-2024,NSE,
CREGRA,CREDITACCESS GRAMEEN LIMITED,INE741K01010,Buy,2,922.00,4.80,0.06,0.00,TT,STT Paid,icicidirect,11-Nov-2024,NSE,
CROGR,CROMPTON GREAVES CONS ELEC LTD,INE299U01018,Buy,2,257.60,4.56,0.01,0.00,TT,STT Paid,icicidirect,28-Apr-2023,NSE,
CROGR,CROMPTON GREAVES CONS ELEC LTD,INE299U01018,Sell,1,296.00,2.62,0.01,0.00,TT,STT Paid,icicidirect,11-Jul-2023,BSE,
CROGR,CROMPTON GREAVES CONS ELEC LTD,INE299U01018,Sell,1,324.75,0.84,0.01,0.00,TT,STT Paid,icicidirect,11-Jan-2024,BSE,
DABIND,DABUR INDIA LTD,INE016A01026,Buy,1,616.40,5.46,0.01,0.00,Rolling,STT Paid,icicidirect,12-Oct-2021,NSE,
DABIND,DABUR INDIA LTD,INE016A01026,Buy,1,592.60,5.25,0.01,0.00,Rolling,STT Paid,icicidirect,20-Oct-2021,NSE,
DABIND,DABUR INDIA LTD,INE016A01026,Buy,2,530.55,9.40,0.03,0.00,Rolling,STT Paid,icicidirect,27-Jan-2022,NSE,
DABIND,DABUR INDIA LTD,INE016A01026,Buy,2,510.25,9.04,0.03,0.00,Rolling,STT Paid,icicidirect,18-May-2022,NSE,
DABIND,DABUR INDIA LTD,INE016A01026,Buy,2,510.85,9.05,0.03,0.00,Rolling,STT Paid,icicidirect,18-May-2022,NSE,
DABIND,DABUR INDIA LTD,INE016A01026,Sell,4,576.45,20.42,0.08,0.00,Rolling,STT Paid,icicidirect,05-Aug-2022,NSE,
DABIND,DABUR INDIA LTD,INE016A01026,Buy,4,520.00,18.42,0.06,0.00,TT,STT Paid,icicidirect,19-Apr-2023,NSE,
DABIND,DABUR INDIA LTD,INE016A01026,Sell,2,555.00,9.83,0.03,0.00,TT,STT Paid,icicidirect,31-May-2023,BSE,
DABIND,DABUR INDIA LTD,INE016A01026,Sell,2,565.00,10.01,0.03,0.00,TT,STT Paid,icicidirect,15-Jun-2023,BSE,
DABIND,DABUR INDIA LTD,INE016A01026,Sell,2,570.00,10.09,0.03,0.00,TT,STT Paid,icicidirect,15-Jun-2023,BSE,
DABIND,DABUR INDIA LTD,INE016A01026,Sell,2,585.00,10.36,0.04,0.00,TT,STT Paid,icicidirect,04-Jul-2023,NSE,
DABIND,DABUR INDIA LTD,INE016A01026,Buy,4,527.25,18.68,0.07,0.00,TT,STT Paid,icicidirect,19-Oct-2023,NSE,
DABIND,DABUR INDIA LTD,INE016A01026,Buy,9,517.90,37.20,0.15,0.87,TT,STT Paid,icicidirect,26-Oct-2023,NSE,
DABIND,DABUR INDIA LTD,INE016A01026,Buy,1,517.90,4.13,0.02,0.00,TT,STT Paid,icicidirect,26-Oct-2023,NSE,
DABIND,DABUR INDIA LTD,INE016A01026,Buy,3,510.00,13.55,0.05,0.00,TT,STT Paid,icicidirect,27-Oct-2023,NSE,
DABIND,DABUR INDIA LTD,INE016A01026,Sell,4,540.00,5.62,0.06,0.00,TT,STT Paid,icicidirect,17-Nov-2023,BSE,
DABIND,DABUR INDIA LTD,INE016A01026,Sell,4,555.00,5.77,0.06,0.00,TT,STT Paid,icicidirect,08-Dec-2023,BSE,
DABIND,DABUR INDIA LTD,INE016A01026,Buy,12,506.25,15.80,0.17,2.00,TT,STT Paid,icicidirect,05-Apr-2024,BSE,
DABIND,DABUR INDIA LTD,INE016A01026,Buy,8,506.30,10.54,0.11,0.00,TT,STT Paid,icicidirect,05-Apr-2024,BSE,
DABIND,DABUR INDIA LTD,INE016A01026,Sell,4,525.40,5.47,0.06,0.00,TT,STT Paid,icicidirect,03-May-2024,BSE,
DABIND,DABUR INDIA LTD,INE016A01026,Sell,4,525.30,5.47,0.06,0.00,TT,STT Paid,icicidirect,03-May-2024,BSE,
DABIND,DABUR INDIA LTD,INE016A01026,Sell,5,552.50,7.19,0.08,0.00,TT,STT Paid,icicidirect,07-May-2024,BSE,
DABIND,DABUR INDIA LTD,INE016A01026,Sell,1,578.00,1.50,0.02,0.00,TT,STT Paid,icicidirect,28-May-2024,BSE,
DABIND,DABUR INDIA LTD,INE016A01026,Sell,1,590.10,1.53,0.02,0.00,TT,STT Paid,icicidirect,24-Jun-2024,BSE,
DABIND,DABUR INDIA LTD,INE016A01026,Sell,1,620.45,1.61,0.02,0.00,TT,STT Paid,icicidirect,09-Jul-2024,BSE,
DABIND,DABUR INDIA LTD,INE016A01026,Sell,3,639.95,4.99,0.05,0.00,TT,STT Paid,icicidirect,02-Aug-2024,BSE,
DABIND,DABUR INDIA LTD,INE016A01026,Buy,30,511.35,39.91,0.49,1.90,TT,STT Paid,icicidirect,13-Nov-2024,NSE,
DABIND,DABUR INDIA LTD,INE016A01026,Buy,10,493.00,12.83,0.16,0.28,TT,STT Paid,icicidirect,03-Mar-2025,NSE,
DABIND,DABUR INDIA LTD,INE016A01026,Buy,2,471.70,2.46,0.04,0.00,TT,STT Paid,icicidirect,03-Apr-2025,BSE,
DABIND,DABUR INDIA LTD,INE016A01026,Buy,20,472.50,24.59,0.30,2.00,TT,STT Paid,icicidirect,03-Apr-2025,NSE,
DABIND,DABUR INDIA LTD,INE016A01026,Sell,1,518.00,1.35,0.02,0.00,TT,STT Paid,icicidirect,08-Jan-2026,NSE,
DCB,DCB BANK LIMITED,INE503A01015,Buy,2,105.40,1.87,0.01,0.00,Rolling,STT Paid,icicidirect,27-May-2021,BSE,
DCB,DCB BANK LIMITED,INE503A01015,Sell,2,84.45,1.50,0.00,0.00,Rolling,STT Paid,icicidirect,13-May-2022,NSE,
DELCOR,DELTA CORP LIMITED,INE124G01033,Buy,3,128.55,3.42,0.01,0.00,TT,STT Paid,icicidirect,19-Oct-2023,NSE,
DELCOR,DELTA CORP LIMITED,INE124G01033,Sell,1,145.00,0.38,0.00,0.00,TT,STT Paid,icicidirect,01-Dec-2023,BSE,
DELCOR,DELTA CORP LIMITED,INE124G01033,Buy,5,116.75,1.52,0.02,0.00,TT,STT Paid,icicidirect,13-May-2024,NSE,
DELCOR,DELTA CORP LIMITED,INE124G01033,Sell,1,140.00,0.36,0.00,0.00,TT,STT Paid,icicidirect,10-Jul-2024,BSE,
DELCOR,DELTA CORP LIMITED,INE124G01033,Buy,2,117.90,0.61,0.01,0.04,TT,STT Paid,icicidirect,04-Nov-2024,NSE,
DELCOR,DELTA CORP LIMITED,INE124G01033,Buy,3,70.72,0.55,0.01,0.03,TT,STT Paid,icicidirect,26-Dec-2025,BSE,
DELCOR,DELTA CORP LIMITED,INE124G01033,Buy,4,67.90,0.71,0.01,0.04,TT,STT Paid,icicidirect,20-Jan-2026,NSE,
DHASUG,DHAMPUR SUGAR MILLS LTD,INE041A01016,Buy,3,212.20,5.64,0.01,0.00,TT,STT Paid,icicidirect,31-Jan-2023,NSE,
DHASUG,DHAMPUR SUGAR MILLS LTD,INE041A01016,Sell,1,248.00,2.20,0.01,0.00,TT,STT Paid,icicidirect,17-Apr-2023,NSE,
DHASUG,DHAMPUR SUGAR MILLS LTD,INE041A01016,Sell,1,266.00,2.36,0.01,0.00,TT,STT Paid,icicidirect,08-May-2023,NSE,
DHASUG,DHAMPUR SUGAR MILLS LTD,INE041A01016,Sell,1,271.30,2.40,0.01,0.00,TT,STT Paid,icicidirect,21-Jun-2023,BSE,
DHASUG,DHAMPUR SUGAR MILLS LTD,INE041A01016,Buy,10,184.00,4.79,0.06,0.28,TT,STT Paid,icicidirect,13-Nov-2024,NSE,
DHASUG,DHAMPUR SUGAR MILLS LTD,INE041A01016,Buy,2,177.20,0.92,0.01,0.05,TT,STT Paid,icicidirect,14-Nov-2024,NSE,
DHASUG,DHAMPUR SUGAR MILLS LTD,INE041A01016,Buy,15,168.79,6.59,0.08,0.51,TT,STT Paid,icicidirect,18-Nov-2024,NSE,
DHASUG,DHAMPUR SUGAR MILLS LTD,INE041A01016,Buy,5,174.00,2.26,0.03,0.00,TT,STT Paid,icicidirect,18-Nov-2024,NSE,
DHASUG,DHAMPUR SUGAR MILLS LTD,INE041A01016,Buy,20,119.79,6.23,0.08,0.36,TT,STT Paid,icicidirect,03-Mar-2025,NSE,
DIVLAB,DIVIS LABORATORIES LIMITED,INE361B01024,Buy,1,3735.00,33.08,0.13,1.48,Rolling,STT Paid,icicidirect,16-Aug-2022,NSE,
DIVLAB,DIVIS LABORATORIES LIMITED,INE361B01024,Buy,1,3715.00,32.90,0.12,0.00,Rolling,STT Paid,icicidirect,16-Aug-2022,NSE,
DIVLAB,DIVIS LABORATORIES LIMITED,INE361B01024,Sell,2,3899.95,20.29,0.22,0.00,TT,STT Paid,icicidirect,27-Dec-2023,BSE,
DOLINV,DOLAT ALGOTECH LIMITED,INE966A01022,Buy,2,93.80,1.66,0.00,0.00,Rolling,STT Paid,icicidirect,05-Oct-2021,NSE,
DOLINV,DOLAT ALGOTECH LIMITED,INE966A01022,Sell,2,105.50,1.87,0.01,0.00,Rolling,STT Paid,icicidirect,28-Apr-2022,NSE,
DOLINV,DOLAT ALGOTECH LIMITED,INE966A01022,Buy,5,40.00,1.77,0.00,0.00,TT,STT Paid,icicidirect,29-Mar-2023,NSE,
DOLINV,DOLAT ALGOTECH LIMITED,INE966A01022,Sell,3,49.00,1.30,0.00,0.00,TT,STT Paid,icicidirect,31-Jul-2023,BSE,
DOLINV,DOLAT ALGOTECH LIMITED,INE966A01022,Sell,1,61.80,0.55,0.00,0.00,TT,STT Paid,icicidirect,16-Oct-2023,BSE,
DOLINV,DOLAT ALGOTECH LIMITED,INE966A01022,Sell,1,74.00,0.19,0.00,0.00,TT,STT Paid,icicidirect,30-Jan-2024,BSE,
ELIELE,ELIN ELECTRONICS LIMITED,INE050401020,Buy,2,144.00,2.55,0.01,0.00,TT,STT Paid,icicidirect,14-Aug-2023,NSE,
ELIELE,ELIN ELECTRONICS LIMITED,INE050401020,Sell,1,174.80,1.55,0.00,0.00,TT,STT Paid,icicidirect,04-Oct-2023,BSE,
ELIELE,ELIN ELECTRONICS LIMITED,INE050401020,Sell,1,205.20,0.53,0.01,0.00,TT,STT Paid,icicidirect,04-Jul-2024,BSE,
EMBOFF,EMBASSY OFFICE PARKS REIT,INE041025011,Buy,4,307.00,10.87,0.04,0.18,TT,STT Paid,icicidirect,21-Aug-2023,NSE,
EMBOFF,EMBASSY OFFICE PARKS REIT,INE041025011,Sell,1,341.67,0.89,0.01,0.00,TT,STT Paid,icicidirect,11-Jan-2024,BSE,
EMBOFF,EMBASSY OFFICE PARKS REIT,INE041025011,Sell,2,365.00,1.90,0.02,0.00,TT,STT Paid,icicidirect,10-Apr-2024,BSE,
ESSSH,ESSAR SHIPPING LIMITED,INE122M01019,Buy,37,11.00,3.60,0.01,0.00,Rolling,STT Paid,icicidirect,09-Aug-2021,NSE,
ESSSH,ESSAR SHIPPING LIMITED,INE122M01019,Buy,10,11.00,0.97,0.00,0.00,Rolling,STT Paid,icicidirect,09-Aug-2021,NSE,
ESSSH,ESSAR SHIPPING LIMITED,INE122M01019,Buy,63,11.00,6.14,0.02,0.18,Rolling,STT Paid,icicidirect,09-Aug-2021,NSE,
ESSSH,ESSAR SHIPPING LIMITED,INE122M01019,Sell,10,8.50,0.75,0.00,0.00,Rolling,STT Paid,icicidirect,26-Apr-2022,BSE,
ESSSH,ESSAR SHIPPING LIMITED,INE122M01019,Sell,100,7.10,29.50,0.02,0.00,Rolling,STT Paid,icicidirect,12-May-2022,NSE,
FININD,FINOLEX INDUSTRIES LTD,INE183A01024,Buy,1,195.00,1.73,0.01,0.00,TT,STT Paid,icicidirect,30-Oct-2023,NSE,
FININD,FINOLEX INDUSTRIES LTD,INE183A01024,Sell,1,242.85,0.63,0.01,0.00,TT,STT Paid,icicidirect,15-Jan-2024,NSE,
FLAWRI,FLAIR WRITING INDUSTRIE LTD,INE00Y201027,Buy,1,360.55,0.94,0.01,0.00,TT,STT Paid,icicidirect,26-Dec-2023,BSE,
FLAWRI,FLAIR WRITING INDUSTRIE LTD,INE00Y201027,Buy,4,276.00,2.87,0.03,0.00,TT,STT Paid,icicidirect,20-Feb-2024,BSE,
FLAWRI,FLAIR WRITING INDUSTRIE LTD,INE00Y201027,Sell,2,326.70,1.70,0.02,0.00,TT,STT Paid,icicidirect,08-Jul-2024,BSE,
FLAWRI,FLAIR WRITING INDUSTRIE LTD,INE00Y201027,Buy,6,255.00,3.98,0.05,0.23,TT,STT Paid,icicidirect,13-Nov-2024,NSE,
FLAWRI,FLAIR WRITING INDUSTRIE LTD,INE00Y201027,Buy,5,210.35,2.74,0.03,0.00,TT,STT Paid,icicidirect,11-Mar-2025,NSE,
FLAWRI,FLAIR WRITING INDUSTRIE LTD,INE00Y201027,Sell,1,301.20,0.78,0.01,0.00,TT,STT Paid,icicidirect,24-Dec-2025,BSE,
FSNECO,FSN ECOMMERCE VENTURES NYKAA,INE388Y01029,Buy,1,139.00,1.23,0.00,0.00,TT,STT Paid,icicidirect,27-Oct-2023,NSE,
FSNECO,FSN ECOMMERCE VENTURES NYKAA,INE388Y01029,Sell,1,173.95,0.45,0.00,0.00,TT,STT Paid,icicidirect,21-Nov-2023,BSE,
FUTVEN,FUTURE CONSUMER LIMITED,INE220J01025,Buy,20,0.95,5.90,0.00,0.00,TT,STT Paid,icicidirect,29-May-2023,BSE,
FUTVEN,FUTURE CONSUMER LIMITED,INE220J01025,Sell,20,1.05,0.05,0.00,0.00,TT,STT Paid,icicidirect,24-Jan-2024,NSE,
GAIL,GAIL (INDIA) LIMITED,INE129A01019,Buy,1,123.90,1.10,0.00,0.00,TT,STT Paid,icicidirect,20-Oct-2023,NSE,
GAIL,GAIL (INDIA) LIMITED,INE129A01019,Sell,1,147.00,0.38,0.00,0.00,TT,STT Paid,icicidirect,15-Dec-2023,BSE,
GOLDEX,NIPPON INDIA ETF GOLD BEES,INF204KB17I5,Buy,3,52.00,1.38,0.01,0.00,TT,STT Not Paid,icicidirect,30-Oct-2023,NSE,
GOLDEX,NIPPON INDIA ETF GOLD BEES,INF204KB17I5,Sell,1,59.10,0.15,0.00,0.00,TT,STT Not Paid,icicidirect,03-Apr-2024,NSE,
GOLDEX,NIPPON INDIA ETF GOLD BEES,INF204KB17I5,Sell,2,61.36,0.32,0.00,0.00,TT,STT Not Paid,icicidirect,22-Apr-2024,BSE,
GOPSNA,GOPAL SNACKS LTD,INE0L9R01028,Buy,1,330.00,0.86,0.01,0.05,TT,STT Paid,icicidirect,01-Jul-2024,NSE,
GOPSNA,GOPAL SNACKS LTD,INE0L9R01028,Sell,1,495.00,1.29,0.02,0.00,TT,STT Paid,icicidirect,11-Nov-2024,NSE,
GOPSNA,GOPAL SNACKS LTD,INE0L9R01028,Buy,10,275.20,7.16,0.09,0.72,TT,STT Paid,icicidirect,12-Mar-2025,NSE,
GSPL,GUJARAT STATE PETRONET LIMITED,INE246F01010,Buy,2,275.00,4.87,0.02,0.00,TT,STT Paid,icicidirect,25-Oct-2023,BSE,
GSPL,GUJARAT STATE PETRONET LIMITED,INE246F01010,Sell,1,325.00,0.85,0.01,0.00,TT,STT Paid,icicidirect,15-Jan-2024,NSE,
GSPL,GUJARAT STATE PETRONET LIMITED,INE246F01010,Sell,1,371.00,0.97,0.01,0.00,TT,STT Paid,icicidirect,03-Apr-2024,BSE,
GUJGA,GUJARAT GAS LIMITED,INE844O01030,Buy,2,423.00,7.49,0.02,0.00,TT,STT Paid,icicidirect,29-Sep-2023,BSE,
GUJGA,GUJARAT GAS LIMITED,INE844O01030,Sell,1,554.45,1.44,0.02,0.00,TT,STT Paid,icicidirect,29-Jan-2024,NSE,
GUJGA,GUJARAT GAS LIMITED,INE844O01030,Sell,1,635.05,1.65,0.02,0.00,TT,STT Paid,icicidirect,04-Jul-2024,BSE,
HDFBAN,HDFC BANK LIMITED,INE040A01034,Buy,1,1481.05,29.51,0.05,0.00,Rolling,STT Paid,icicidirect,12-Aug-2022,NSE,
HDFBAN,HDFC BANK LIMITED,INE040A01034,Sell,1,1481.95,29.51,0.05,0.00,Rolling,STT Paid,icicidirect,12-Aug-2022,NSE,
HDFGOL,HDFC GOLD ETF,INF179KC1981,Buy,10,116.90,3.04,0.05,0.00,TT,STT Not Paid,icicidirect,24-Dec-2025,BSE,
HDFGOL,HDFC GOLD ETF,INF179KC1981,Buy,215,116.80,65.36,0.97,4.15,TT,STT Not Paid,icicidirect,24-Dec-2025,BSE,
HDFGOL,HDFC GOLD ETF,INF179KC1981,Buy,256,117.63,78.38,1.16,4.68,TT,STT Not Paid,icicidirect,26-Dec-2025,BSE,
HDFGOL,HDFC GOLD ETF,INF179KC1981,Buy,5,120.69,1.57,0.02,0.00,TT,STT Not Paid,icicidirect,13-Jan-2026,NSE,
HDFGOL,HDFC GOLD ETF,INF179KC1981,Buy,4,121.48,1.26,0.02,0.00,TT,STT Not Paid,icicidirect,14-Jan-2026,NSE,
HDFGOL,HDFC GOLD ETF,INF179KC1981,Buy,6,121.12,1.89,0.02,0.11,TT,STT Not Paid,icicidirect,16-Jan-2026,NSE,
HDFGOL,HDFC GOLD ETF,INF179KC1981,Buy,25,122.88,7.99,0.10,0.46,TT,STT Not Paid,icicidirect,19-Jan-2026,NSE,
HDFGOL,HDFC GOLD ETF,INF179KC1981,Buy,30,128.91,10.06,0.12,0.58,TT,STT Not Paid,icicidirect,20-Jan-2026,NSE,
HDFSIL,HDFC SILVER ETF,INF179KC1DI2,Buy,10,238.08,6.20,0.09,0.36,TT,STT Paid,icicidirect,29-Dec-2025,BSE,
HDFSTA,HDFC LIFE INSURANCE COM LTD,INE795G01014,Buy,3,590.20,15.68,0.06,0.00,Rolling,STT Paid,icicidirect,18-Aug-2022,NSE,
HDFSTA,HDFC LIFE INSURANCE COM LTD,INE795G01014,Sell,1,654.10,5.79,0.02,0.00,TT,STT Paid,icicidirect,21-Jun-2023,BSE,
HDFSTA,HDFC LIFE INSURANCE COM LTD,INE795G01014,Sell,1,687.35,1.79,0.02,0.00,TT,STT Paid,icicidirect,12-Dec-2023,BSE,
HERHON,HERO MOTOCORP LIMITED,INE158A01026,Buy,1,4818.00,12.54,0.15,0.73,TT,STT Paid,icicidirect,05-Nov-2024,NSE,
HERHON,HERO MOTOCORP LIMITED,INE158A01026,Buy,1,3653.00,9.50,0.12,0.91,TT,STT Paid,icicidirect,10-Mar-2025,NSE,
HINCOP,HINDUSTAN COPPER LIMITED,INE531E01026,Buy,1,511.05,1.33,0.02,0.08,TT,STT Paid,icicidirect,29-Dec-2025,NSE,
HINCOP,HINDUSTAN COPPER LIMITED,INE531E01026,Buy,1,524.90,1.37,0.02,0.08,TT,STT Paid,icicidirect,01-Jan-2026,NSE,
HINDAL,HINDALCO INDUSTRIES LIMITED,INE038A01020,Buy,10,331.25,29.34,0.11,0.70,Rolling,STT Paid,icicidirect,17-Jun-2022,NSE,
HINDAL,HINDALCO INDUSTRIES LIMITED,INE038A01020,Sell,5,414.65,18.36,0.07,0.00,Rolling,STT Paid,icicidirect,05-Aug-2022,NSE,
HINDAL,HINDALCO INDUSTRIES LIMITED,INE038A01020,Sell,4,429.90,15.23,0.06,0.00,TT,STT Paid,icicidirect,20-Feb-2023,NSE,
HINDAL,HINDALCO INDUSTRIES LIMITED,INE038A01020,Sell,1,480.00,4.25,0.01,0.00,TT,STT Paid,icicidirect,04-Sep-2023,BSE,
HINOIL,HINDUSTAN OIL EXPLORATION CO,INE345A01011,Buy,2,155.00,2.75,0.01,0.05,TT,STT Paid,icicidirect,27-Sep-2023,NSE,
HINOIL,HINDUSTAN OIL EXPLORATION CO,INE345A01011,Sell,1,170.20,0.44,0.00,0.00,TT,STT Paid,icicidirect,10-Nov-2023,BSE,
HINOIL,HINDUSTAN OIL EXPLORATION CO,INE345A01011,Sell,1,190.00,0.49,0.01,0.00,TT,STT Paid,icicidirect,20-Jan-2024,NSE,
HINPET,HINDUSTAN PETROLEUM CORP,INE094A01015,Buy,2,262.50,4.65,0.02,0.00,TT,STT Paid,icicidirect,16-Aug-2023,NSE,
HINPET,HINDUSTAN PETROLEUM CORP,INE094A01015,Buy,2,251.35,4.45,0.02,0.00,TT,STT Paid,icicidirect,31-Aug-2023,NSE,
HINPET,HINDUSTAN PETROLEUM CORP,INE094A01015,Buy,3,242.50,6.44,0.02,0.00,TT,STT Paid,icicidirect,27-Oct-2023,NSE,
HINPET,HINDUSTAN PETROLEUM CORP,INE094A01015,Sell,2,265.10,1.38,0.02,0.00,TT,STT Paid,icicidirect,07-Nov-2023,NSE,
HINPET,HINDUSTAN PETROLEUM CORP,INE094A01015,Sell,2,281.50,1.46,0.02,0.00,TT,STT Paid,icicidirect,08-Nov-2023,BSE,
HINPET,HINDUSTAN PETROLEUM CORP,INE094A01015,Sell,1,298.00,0.78,0.01,0.00,TT,STT Paid,icicidirect,10-Nov-2023,NSE,
HINPET,HINDUSTAN PETROLEUM CORP,INE094A01015,Sell,1,315.00,0.82,0.01,0.00,TT,STT Paid,icicidirect,16-Nov-2023,BSE,
HINPET,HINDUSTAN PETROLEUM CORP,INE094A01015,Sell,1,345.80,0.90,0.01,0.00,TT,STT Paid,icicidirect,29-Nov-2023,NSE,
HUDCO,HOUSING URBAN DEV CO LTD HUDCO,INE031A01017,Buy,10,45.10,3.99,0.01,0.00,Rolling,STT Paid,icicidirect,12-Oct-2021,NSE,
HUDCO,HOUSING URBAN DEV CO LTD HUDCO,INE031A01017,Sell,10,52.95,4.69,0.02,0.00,Rolling,STT Paid,icicidirect,06-Dec-2022,NSE,
ICI100,ICICI PRUDENTIAL NIFTY 100 ETF,INF109KC16V9,Buy,10,29.65,0.77,0.01,0.04,TT,STT Paid,icicidirect,29-Dec-2025,NSE,
ICIBAN,ICICI BANK LIMITED,INE090A01021,Buy,2,613.85,10.87,0.04,0.00,Rolling,STT Paid,icicidirect,17-May-2021,NSE,
ICIBAN,ICICI BANK LIMITED,INE090A01021,Sell,2,835.70,14.80,0.06,0.00,Rolling,STT Paid,icicidirect,05-Aug-2022,NSE,
ICIGOL,ICICI PRUDENTIAL GOLD ETF,INF109KC1NT3,Buy,10,117.35,3.05,0.05,0.18,TT,STT Paid,icicidirect,24-Dec-2025,BSE,
ICIGOL,ICICI PRUDENTIAL GOLD ETF,INF109KC1NT3,Buy,15,126.33,4.93,0.06,0.28,TT,STT Paid,icicidirect,20-Jan-2026,NSE,
ICINIF,ICICI PRUDENTIAL NIFTY 50 ETF,INF109K012R6,Buy,2,293.01,1.52,0.02,0.00,TT,STT Paid,icicidirect,29-Dec-2025,NSE,
ICINIF,ICICI PRUDENTIAL NIFTY 50 ETF,INF109K012R6,Buy,3,293.01,2.29,0.03,0.22,TT,STT Paid,icicidirect,29-Dec-2025,NSE,
IDBI,IDBI BANK LIMITED,INE008A01015,Buy,5,38.85,1.72,0.01,0.00,Rolling,STT Paid,icicidirect,27-May-2021,BSE,
IDBI,IDBI BANK LIMITED,INE008A01015,Sell,5,41.05,1.82,0.01,0.00,Rolling,STT Paid,icicidirect,05-Aug-2022,NSE,
IDFBAN,IDFC FIRST BANK LIMITED,INE092T01019,Buy,2,64.00,0.33,0.00,0.02,TT,STT Paid,icicidirect,14-Nov-2024,NSE,
IDFBAN,IDFC FIRST BANK LIMITED,INE092T01019,Buy,10,53.55,1.39,0.02,0.00,TT,STT Paid,icicidirect,13-Mar-2025,NSE,
IDFBAN,IDFC FIRST BANK LIMITED,INE092T01019,Sell,3,84.95,0.66,0.01,0.00,TT,STT Paid,icicidirect,26-Dec-2025,BSE,
INDBA,INDUSIND BANK LIMITED,INE095A01012,Buy,4,1067.00,11.10,0.14,0.59,TT,STT Paid,icicidirect,04-Nov-2024,NSE,
INDBA,INDUSIND BANK LIMITED,INE095A01012,Buy,1,1029.50,2.68,0.03,0.15,TT,STT Paid,icicidirect,14-Nov-2024,NSE,
INDGAS,INDRAPRASHTHA GAS LTD,INE203G01027,Buy,2,457.00,8.09,0.03,0.14,TT,STT Paid,icicidirect,07-Aug-2023,NSE,
INDGAS,INDRAPRASHTHA GAS LTD,INE203G01027,Buy,1,440.50,3.90,0.01,0.00,TT,STT Paid,icicidirect,14-Aug-2023,NSE,
INDGAS,INDRAPRASHTHA GAS LTD,INE203G01027,Buy,1,435.50,3.86,0.01,0.00,TT,STT Paid,icicidirect,16-Aug-2023,NSE,
INDGAS,INDRAPRASHTHA GAS LTD,INE203G01027,Buy,1,430.50,3.81,0.01,0.00,TT,STT Paid,icicidirect,18-Aug-2023,NSE,
INDGAS,INDRAPRASHTHA GAS LTD,INE203G01027,Buy,2,408.70,7.24,0.03,0.00,TT,STT Paid,icicidirect,20-Oct-2023,NSE,
INDGAS,INDRAPRASHTHA GAS LTD,INE203G01027,Buy,3,395.00,10.49,0.03,0.00,TT,STT Paid,icicidirect,25-Oct-2023,BSE,
INDGAS,INDRAPRASHTHA GAS LTD,INE203G01027,Sell,3,438.00,3.42,0.04,0.00,TT,STT Paid,icicidirect,04-Apr-2024,BSE,
INDGAS,INDRAPRASHTHA GAS LTD,INE203G01027,Sell,3,469.90,3.67,0.04,0.00,TT,STT Paid,icicidirect,09-Apr-2024,BSE,
INDGAS,INDRAPRASHTHA GAS LTD,INE203G01027,Sell,2,518.10,2.70,0.03,0.00,TT,STT Paid,icicidirect,02-Jul-2024,BSE,
INDGAS,INDRAPRASHTHA GAS LTD,INE203G01027,Buy,6,365.25,5.70,0.07,0.00,TT,STT Paid,icicidirect,18-Nov-2024,NSE,
INDGAS,INDRAPRASHTHA GAS LTD,INE203G01027,Buy,1,330.50,0.86,0.01,0.00,TT,STT Paid,icicidirect,18-Nov-2024,NSE,
INDGAS,INDRAPRASHTHA GAS LTD,INE203G01027,Buy,8,332.15,6.91,0.08,1.19,TT,STT Paid,icicidirect,18-Nov-2024,NSE,
INDGAS,INDRAPRASHTHA GAS LTD,INE203G01027,Buy,5,370.00,4.81,0.06,0.00,TT,STT Paid,icicidirect,18-Nov-2024,NSE,
INDGAS,INDRAPRASHTHA GAS LTD,INE203G01027,Buy,1,320.00,0.83,0.01,0.00,TT,STT Paid,icicidirect,28-Nov-2024,NSE,
INDGAS,INDRAPRASHTHA GAS LTD,INE203G01027,Buy,23,0.00,0.00,0.00,0.00,TT,STT Not Paid,icicidirect,03-Feb-2025,NSE,
INDLTD,INDEGENE LTD,INE065X01017,Buy,1,554.00,1.44,0.02,0.08,TT,STT Paid,icicidirect,01-Jul-2024,BSE,
INDLTD,INDEGENE LTD,INE065X01017,Sell,1,675.00,1.76,0.02,0.00,TT,STT Paid,icicidirect,28-Nov-2024,BSE,
INDOIL,INDIAN OIL CORPORATION LIMITED,INE242A01010,Buy,20,106.20,18.81,0.07,0.82,Rolling,STT Paid,icicidirect,09-Aug-2021,NSE,
INDOIL,INDIAN OIL CORPORATION LIMITED,INE242A01010,Sell,20,120.70,21.38,0.07,0.00,Rolling,STT Paid,icicidirect,12-May-2022,NSE,
INDOIL,INDIAN OIL CORPORATION LIMITED,INE242A01010,Buy,10,73.50,6.51,0.02,0.00,Rolling,STT Paid,icicidirect,17-Aug-2022,NSE,
INDOIL,INDIAN OIL CORPORATION LIMITED,INE242A01010,Sell,4,83.00,2.94,0.01,0.00,TT,STT Paid,icicidirect,08-May-2023,NSE,
INDOIL,INDIAN OIL CORPORATION LIMITED,INE242A01010,Sell,3,83.85,2.23,0.01,0.00,TT,STT Paid,icicidirect,12-May-2023,NSE,
INDOIL,INDIAN OIL CORPORATION LIMITED,INE242A01010,Sell,2,87.20,1.54,0.00,0.00,TT,STT Paid,icicidirect,16-May-2023,BSE,
INDOIL,INDIAN OIL CORPORATION LIMITED,INE242A01010,Sell,1,95.00,0.84,0.00,0.00,TT,STT Paid,icicidirect,03-Jul-2023,BSE,
INDOIL,INDIAN OIL CORPORATION LIMITED,INE242A01010,Buy,2,89.95,1.59,0.01,0.00,TT,STT Paid,icicidirect,11-Oct-2023,NSE,
INDOIL,INDIAN OIL CORPORATION LIMITED,INE242A01010,Sell,1,104.10,0.27,0.00,0.00,TT,STT Paid,icicidirect,24-Nov-2023,NSE,
INDOIL,INDIAN OIL CORPORATION LIMITED,INE242A01010,Sell,1,122.50,0.32,0.00,0.00,TT,STT Paid,icicidirect,08-Dec-2023,BSE,
INDPES,INDIA PESTICIDES LIMITED,INE0D6701023,Buy,4,225.45,2.35,0.03,0.00,TT,STT Paid,icicidirect,18-Mar-2024,NSE,
INDPES,INDIA PESTICIDES LIMITED,INE0D6701023,Buy,1,237.50,0.62,0.01,0.00,TT,STT Paid,icicidirect,12-Apr-2024,BSE,
INDPES,INDIA PESTICIDES LIMITED,INE0D6701023,Buy,1,215.00,0.56,0.01,0.00,TT,STT Paid,icicidirect,10-Jul-2024,BSE,
INDPES,INDIA PESTICIDES LIMITED,INE0D6701023,Buy,3,215.00,1.68,0.02,0.00,TT,STT Paid,icicidirect,10-Jul-2024,BSE,
INDPES,INDIA PESTICIDES LIMITED,INE0D6701023,Buy,3,190.00,1.48,0.02,0.09,TT,STT Paid,icicidirect,04-Nov-2024,NSE,
INDPES,INDIA PESTICIDES LIMITED,INE0D6701023,Buy,1,155.00,0.40,0.01,0.00,TT,STT Paid,icicidirect,27-Jan-2025,BSE,
INDPES,INDIA PESTICIDES LIMITED,INE0D6701023,Buy,5,129.00,1.68,0.02,0.00,TT,STT Paid,icicidirect,08-Apr-2025,NSE,
INDR,INDIAN RAILWAY FIN CORP LTD,INE053F01010,Buy,10,22.95,2.03,0.00,0.00,Rolling,STT Paid,icicidirect,15-Sep-2021,NSE,
INDR,INDIAN RAILWAY FIN CORP LTD,INE053F01010,Sell,10,31.50,2.79,0.01,0.00,Rolling,STT Paid,icicidirect,25-Nov-2022,BSE,
INDR,INDIAN RAILWAY FIN CORP LTD,INE053F01010,Buy,2,75.75,1.34,0.00,0.00,TT,STT Paid,icicidirect,11-Oct-2023,BSE,
INDR,INDIAN RAILWAY FIN CORP LTD,INE053F01010,Sell,1,95.30,0.25,0.00,0.00,TT,STT Paid,icicidirect,15-Dec-2023,BSE,
INDR,INDIAN RAILWAY FIN CORP LTD,INE053F01010,Sell,1,116.70,0.30,0.00,0.00,TT,STT Paid,icicidirect,15-Jan-2024,NSE,
INDREN,INDIAN RENEW. ENG.DEV. AGY LTD,INE202E01016,Buy,460,32.00,0.00,0.00,0.00,Rolling,STT Paid,icicidirect,28-Nov-2023,NSE,
INDREN,INDIAN RENEW. ENG.DEV. AGY LTD,INE202E01016,Sell,115,71.70,21.45,0.26,0.00,TT,STT Paid,icicidirect,08-Dec-2023,NSE,
INDREN,INDIAN RENEW. ENG.DEV. AGY LTD,INE202E01016,Sell,115,120.85,36.15,0.39,0.00,TT,STT Paid,icicidirect,15-Dec-2023,BSE,
INDREN,INDIAN RENEW. ENG.DEV. AGY LTD,INE202E01016,Sell,50,108.94,14.17,0.15,0.00,TT,STT Paid,icicidirect,15-Dec-2023,BSE,
INDREN,INDIAN RENEW. ENG.DEV. AGY LTD,INE202E01016,Sell,65,108.94,18.42,0.20,0.00,TT,STT Paid,icicidirect,15-Dec-2023,BSE,
INDREN,INDIAN RENEW. ENG.DEV. AGY LTD,INE202E01016,Sell,30,160.40,12.52,0.13,0.00,TT,STT Paid,icicidirect,24-Jan-2024,BSE,
INDREN,INDIAN RENEW. ENG.DEV. AGY LTD,INE202E01016,Sell,1,182.20,0.47,0.01,0.00,TT,STT Paid,icicidirect,29-Apr-2024,NSE,
INDREN,INDIAN RENEW. ENG.DEV. AGY LTD,INE202E01016,Sell,30,225.65,17.61,0.19,0.00,TT,STT Paid,icicidirect,03-Jul-2024,BSE,
INDREN,INDIAN RENEW. ENG.DEV. AGY LTD,INE202E01016,Sell,4,240.25,2.50,0.03,0.00,TT,STT Paid,icicidirect,09-Jul-2024,BSE,
INDREN,INDIAN RENEW. ENG.DEV. AGY LTD,INE202E01016,Sell,10,277.15,7.21,0.08,0.00,TT,STT Paid,icicidirect,12-Jul-2024,BSE,
INFTEC,INFOSYS LTD,INE009A01021,Buy,1,1742.95,15.43,0.05,0.00,Rolling,STT Paid,icicidirect,12-Apr-2022,NSE,
INTAVI,INTERGLOBE AVIATION LIMITED,INE646L01027,Buy,2,4941.50,25.71,0.31,1.89,TT,STT Paid,icicidirect,20-Jan-2026,NSE,
IRMENE,IRM ENERGY LIMITED,INE07U701015,Buy,29,505.00,0.00,0.00,0.00,Rolling,STT Paid,icicidirect,25-Oct-2023,NSE,
IRMENE,IRM ENERGY LIMITED,INE07U701015,Sell,3,459.25,3.58,0.04,0.00,TT,STT Paid,icicidirect,10-Nov-2023,NSE,
IRMENE,IRM ENERGY LIMITED,INE07U701015,Sell,6,459.25,7.17,0.09,0.00,TT,STT Paid,icicidirect,10-Nov-2023,NSE,
IRMENE,IRM ENERGY LIMITED,INE07U701015,Sell,6,459.25,7.17,0.09,0.00,TT,STT Paid,icicidirect,10-Nov-2023,NSE,
IRMENE,IRM ENERGY LIMITED,INE07U701015,Sell,1,565.00,1.47,0.02,0.00,TT,STT Paid,icicidirect,15-Jan-2024,NSE,
IRMENE,IRM ENERGY LIMITED,INE07U701015,Sell,7,547.15,9.96,0.11,0.00,TT,STT Paid,icicidirect,19-Apr-2024,BSE,
IRMENE,IRM ENERGY LIMITED,INE07U701015,Sell,1,565.00,1.47,0.02,0.00,TT,STT Paid,icicidirect,29-Apr-2024,BSE,
IRMENE,IRM ENERGY LIMITED,INE07U701015,Buy,4,451.00,4.69,0.06,0.72,TT,STT Paid,icicidirect,01-Jul-2024,NSE,
ITC,ITC LIMITED,INE154A01025,Buy,20,366.75,19.08,0.23,0.00,TT,STT Paid,icicidirect,01-Jan-2026,NSE,
ITC,ITC LIMITED,INE154A01025,Buy,20,368.40,19.17,0.23,0.00,TT,STT Paid,icicidirect,01-Jan-2026,NSE,
ITC,ITC LIMITED,INE154A01025,Buy,30,367.80,28.71,0.35,3.92,TT,STT Paid,icicidirect,01-Jan-2026,NSE,
ITC,ITC LIMITED,INE154A01025,Buy,1,343.00,0.89,0.01,0.05,TT,STT Paid,icicidirect,07-Jan-2026,NSE,
JIOFIN,JIO FINANCIAL SERVICES LIMITED,INE758E01017,Buy,1,119.51,1.06,0.00,0.00,Rolling,STT Paid,Demerger,28-Sep-2021,NSE,
JIOFIN,JIO FINANCIAL SERVICES LIMITED,INE758E01017,Buy,5,221.60,9.81,0.04,0.00,TT,STT Paid,icicidirect,18-Oct-2023,NSE,
JIOFIN,JIO FINANCIAL SERVICES LIMITED,INE758E01017,Buy,2,206.60,3.66,0.01,0.00,TT,STT Paid,icicidirect,25-Oct-2023,NSE,
JIOFIN,JIO FINANCIAL SERVICES LIMITED,INE758E01017,Sell,2,225.00,1.17,0.01,0.00,TT,STT Paid,icicidirect,13-Nov-2023,BSE,
JIOFIN,JIO FINANCIAL SERVICES LIMITED,INE758E01017,Sell,2,225.00,1.17,0.01,0.00,TT,STT Paid,icicidirect,13-Nov-2023,NSE,
JIOFIN,JIO FINANCIAL SERVICES LIMITED,INE758E01017,Sell,1,245.55,0.64,0.01,0.00,TT,STT Paid,icicidirect,06-Dec-2023,BSE,
JIOFIN,JIO FINANCIAL SERVICES LIMITED,INE758E01017,Sell,1,295.00,0.77,0.01,0.00,TT,STT Paid,icicidirect,22-Feb-2024,NSE,
JIOFIN,JIO FINANCIAL SERVICES LIMITED,INE758E01017,Sell,1,361.10,0.94,0.01,0.00,TT,STT Paid,icicidirect,15-Apr-2024,BSE,
JIOFIN,JIO FINANCIAL SERVICES LIMITED,INE758E01017,Buy,10,218.70,5.69,0.07,0.33,TT,STT Paid,icicidirect,12-Mar-2025,NSE,
JIOFIN,JIO FINANCIAL SERVICES LIMITED,INE758E01017,Sell,1,321.00,0.84,0.01,0.00,TT,STT Paid,icicidirect,11-Aug-2025,BSE,
KALJEW,KALYAN JEWELLERS INDIA LIMITED,INE303R01014,Buy,2,82.60,1.46,0.00,0.00,Rolling,STT Paid,icicidirect,12-Sep-2022,NSE,
KALJEW,KALYAN JEWELLERS INDIA LIMITED,INE303R01014,Sell,1,98.00,0.87,0.00,0.00,Rolling,STT Paid,icicidirect,15-Sep-2022,NSE,
KALJEW,KALYAN JEWELLERS INDIA LIMITED,INE303R01014,Sell,1,112.00,0.99,0.00,0.00,Rolling,STT Paid,icicidirect,12-Dec-2022,NSE,
KIRIDY,KIRI INDUSTRIES LIMITED,INE415I01015,Buy,1,284.10,2.52,0.01,0.00,TT,STT Paid,icicidirect,02-Aug-2023,BSE,
KIRIDY,KIRI INDUSTRIES LIMITED,INE415I01015,Sell,1,398.00,1.04,0.01,0.00,TT,STT Paid,icicidirect,20-Dec-2023,NSE,
KOTGOL,KOTAK  GOLD ETF,INF174KA1HJ8,Buy,100,101.73,26.47,0.32,0.00,TT,STT Not Paid,icicidirect,08-Oct-2025,NSE,
KOTGOL,KOTAK  GOLD ETF,INF174KA1HJ8,Buy,1000,101.83,264.93,3.23,17.00,TT,STT Not Paid,icicidirect,08-Oct-2025,NSE,
KOTGOL,KOTAK  GOLD ETF,INF174KA1HJ8,Buy,10,101.63,2.64,0.03,0.00,TT,STT Not Paid,icicidirect,08-Oct-2025,NSE,
KOTGOL,KOTAK  GOLD ETF,INF174KA1HJ8,Buy,9,113.98,2.67,0.04,0.17,TT,STT Not Paid,icicidirect,24-Dec-2025,BSE,
KOTGOL,KOTAK  GOLD ETF,INF174KA1HJ8,Buy,1,113.97,0.30,0.00,0.00,TT,STT Not Paid,icicidirect,24-Dec-2025,BSE,
KOTMAH,KOTAK MAHINDRA BANK LTD,INE237A01036,Buy,10,353.05,31.27,0.11,0.95,TT,STT Paid,icicidirect,27-Sep-2023,NSE,
KOTSIL,Kotak Silver ETF,INF174KA1KU9,Buy,10,301.39,7.84,0.10,0.45,TT,STT Paid,icicidirect,20-Jan-2026,NSE,
KROLAB,KRONOX LAB SCIENCES LIMITED,INE0ATZ01017,Buy,1,154.00,0.40,0.00,0.02,TT,STT Paid,icicidirect,01-Jul-2024,BSE,
KROLAB,KRONOX LAB SCIENCES LIMITED,INE0ATZ01017,Sell,1,192.00,0.50,0.01,0.00,TT,STT Paid,icicidirect,28-Nov-2024,BSE,
LIC,LIFE INSURANCE CORP OF IND LIC,INE0J1Y01017,Buy,1,606.60,5.37,0.02,0.00,TT,STT Paid,icicidirect,30-Oct-2023,NSE,
LIC,LIFE INSURANCE CORP OF IND LIC,INE0J1Y01017,Sell,1,682.00,1.77,0.02,0.00,TT,STT Paid,icicidirect,30-Nov-2023,NSE,
MADCOP,MADHAV COPPER LIMITED,INE813V01022,Buy,2,64.95,0.34,0.00,0.02,TT,STT Paid,icicidirect,29-Dec-2025,NSE,
MAHGAS,MAHANAGAR GAS LIMITED,INE002S01010,Buy,1,1081.40,2.81,0.03,0.16,TT,STT Paid,icicidirect,07-Jan-2026,NSE,
MAHLO,MAHINDRA LOGISTICS LIMITED,INE766P01016,Buy,1,373.00,3.30,0.01,0.00,TT,STT Paid,icicidirect,14-Aug-2023,NSE,
MAHLO,MAHINDRA LOGISTICS LIMITED,INE766P01016,Sell,1,434.50,1.13,0.01,0.00,TT,STT Paid,icicidirect,02-Jan-2024,NSE,
MANAFI,MANAPPURAM FINANCE LIMITED,INE522D01027,Buy,50,88.45,39.16,0.13,1.00,Rolling,STT Paid,icicidirect,26-May-2022,NSE,
MANAFI,MANAPPURAM FINANCE LIMITED,INE522D01027,Sell,20,108.75,19.26,0.06,0.00,Rolling,STT Paid,icicidirect,05-Aug-2022,NSE,
MANAFI,MANAPPURAM FINANCE LIMITED,INE522D01027,Sell,7,109.30,6.77,0.02,0.00,TT,STT Paid,icicidirect,20-Feb-2023,NSE,
MANAFI,MANAPPURAM FINANCE LIMITED,INE522D01027,Sell,7,109.30,6.77,0.02,0.00,TT,STT Paid,icicidirect,20-Feb-2023,NSE,
MANAFI,MANAPPURAM FINANCE LIMITED,INE522D01027,Sell,2,109.30,1.94,0.01,0.00,TT,STT Paid,icicidirect,20-Feb-2023,NSE,
MANAFI,MANAPPURAM FINANCE LIMITED,INE522D01027,Sell,9,109.30,8.71,0.02,0.00,TT,STT Paid,icicidirect,20-Feb-2023,NSE,
MANAFI,MANAPPURAM FINANCE LIMITED,INE522D01027,Sell,3,131.45,3.49,0.01,0.00,TT,STT Paid,icicidirect,19-Apr-2023,NSE,
MANAFI,MANAPPURAM FINANCE LIMITED,INE522D01027,Sell,2,105.60,1.87,0.01,0.00,TT,STT Paid,icicidirect,08-May-2023,BSE,
MOTGTF,MOTILAL OSWAL GOLD ETF,INF247L01FY4,Buy,10,137.85,3.59,0.04,0.21,TT,STT Paid,icicidirect,29-Dec-2025,NSE,
MOTGTF,MOTILAL OSWAL GOLD ETF,INF247L01FY4,Buy,10,133.00,3.46,0.04,0.00,TT,STT Paid,icicidirect,30-Dec-2025,NSE,
MOTGTF,MOTILAL OSWAL GOLD ETF,INF247L01FY4,Buy,5,141.80,1.84,0.02,0.11,TT,STT Paid,icicidirect,19-Jan-2026,NSE,
MOTSIL,MOTILAL OSWAL SILVER ETF,INF247L01FZ1,Buy,10,244.89,6.37,0.08,0.37,TT,STT Paid,icicidirect,29-Dec-2025,NSE,
MOTSU,MOTHERSON SUMI WIRING IND LTD,INE0FS801015,Buy,2,53.70,0.95,0.00,0.00,TT,STT Paid,icicidirect,13-Feb-2023,NSE,
MOTSU,MOTHERSON SUMI WIRING IND LTD,INE0FS801015,Sell,1,58.35,0.15,0.00,0.00,TT,STT Paid,icicidirect,10-Nov-2023,BSE,
MOTSU,MOTHERSON SUMI WIRING IND LTD,INE0FS801015,Buy,4,45.19,0.47,0.01,0.03,TT,STT Paid,icicidirect,26-Dec-2025,BSE,
MOTSUM,SAMVARDHANA MOTHERSON INT LTD,INE775A01035,Buy,2,96.11,1.70,0.01,0.03,TT,STT Paid,icicidirect,07-Aug-2023,BSE,
MOTSUM,SAMVARDHANA MOTHERSON INT LTD,INE775A01035,Sell,1,144.90,0.38,0.00,0.00,TT,STT Paid,icicidirect,27-May-2024,BSE,
MOTSUM,SAMVARDHANA MOTHERSON INT LTD,INE775A01035,Sell,1,198.55,0.52,0.01,0.00,TT,STT Paid,icicidirect,11-Jul-2024,BSE,
NAVCOR,NAVKAR CORPORATION LIMITED,INE278M01019,Buy,1,60.02,0.53,0.00,0.00,TT,STT Paid,icicidirect,09-Aug-2023,BSE,
NAVCOR,NAVKAR CORPORATION LIMITED,INE278M01019,Sell,1,82.96,0.22,0.00,0.00,TT,STT Paid,icicidirect,29-Nov-2023,BSE,
NBCC,NBCC (INDIA) LIMITED,INE095N01031,Buy,1,125.85,0.33,0.00,0.02,TT,STT Paid,icicidirect,29-Dec-2025,NSE,
NBCC,NBCC (INDIA) LIMITED,INE095N01031,Buy,2,105.05,0.55,0.01,0.00,TT,STT Paid,icicidirect,13-Jan-2026,NSE,
NIFBEE,NIPPON INDIA ETF NIFTY 50 BEES,INF204KB14I2,Buy,10,187.88,16.63,0.03,0.00,Rolling,STT Paid,icicidirect,07-Sep-2021,NSE,
NIFBEE,NIPPON INDIA ETF NIFTY 50 BEES,INF204KB14I2,Sell,4,209.00,7.40,0.02,0.00,TT,STT Paid,icicidirect,30-Jun-2023,BSE,
NIFBEE,NIPPON INDIA ETF NIFTY 50 BEES,INF204KB14I2,Sell,2,220.00,3.90,0.01,0.00,TT,STT Paid,icicidirect,11-Sep-2023,BSE,
NIFBEE,NIPPON INDIA ETF NIFTY 50 BEES,INF204KB14I2,Sell,1,236.41,0.62,0.01,0.00,TT,STT Paid,icicidirect,19-Dec-2023,NSE,
NIFBEE,NIPPON INDIA ETF NIFTY 50 BEES,INF204KB14I2,Sell,2,245.00,1.27,0.01,0.00,TT,STT Paid,icicidirect,16-Apr-2024,BSE,
NIFBEE,NIPPON INDIA ETF NIFTY 50 BEES,INF204KB14I2,Buy,1,268.00,0.70,0.01,0.04,TT,STT Paid,icicidirect,05-Nov-2024,NSE,
NIFBEE,NIPPON INDIA ETF NIFTY 50 BEES,INF204KB14I2,Buy,2,294.75,1.53,0.02,0.09,TT,STT Paid,icicidirect,29-Dec-2025,NSE,
NIFBEE,NIPPON INDIA ETF NIFTY 50 BEES,INF204KB14I2,Buy,1,292.65,0.76,0.01,0.00,TT,STT Paid,icicidirect,30-Dec-2025,NSE,
NIFBEE,NIPPON INDIA ETF NIFTY 50 BEES,INF204KB14I2,Buy,5,289.44,3.77,0.05,0.22,TT,STT Paid,icicidirect,19-Jan-2026,NSE,
NIPSIL,NIPPON INDIA SILVER ETF,INF204KC1402,Buy,10,209.75,5.46,0.07,0.31,TT,STT Paid,icicidirect,24-Dec-2025,NSE,
NIPSIL,NIPPON INDIA SILVER ETF,INF204KC1402,Buy,100,217.22,56.54,0.84,3.26,TT,STT Paid,icicidirect,26-Dec-2025,BSE,
NIPSIL,NIPPON INDIA SILVER ETF,INF204KC1402,Buy,15,276.77,10.80,0.13,1.05,TT,STT Paid,icicidirect,19-Jan-2026,NSE,
NIPSIL,NIPPON INDIA SILVER ETF,INF204KC1402,Buy,15,301.88,11.78,0.14,0.00,TT,STT Paid,icicidirect,20-Jan-2026,NSE,
NIPSIL,NIPPON INDIA SILVER ETF,INF204KC1402,Buy,15,291.83,11.39,0.14,1.34,TT,STT Paid,icicidirect,20-Jan-2026,NSE,
NIVMER,STARTECK FINANCE LIMITED,INE992I01013,Buy,1,193.90,1.72,0.01,0.00,Rolling,STT Paid,icicidirect,06-May-2022,NSE,
NIVMER,STARTECK FINANCE LIMITED,INE992I01013,Sell,1,125.00,1.11,0.00,0.00,Rolling,STT Paid,icicidirect,13-May-2022,NSE,
NMDSTE,NMDC STEEL LIMITED,INE0NNS01018,Buy,1,41.00,0.36,0.00,0.00,TT,STT Paid,icicidirect,30-Oct-2023,NSE,
NMDSTE,NMDC STEEL LIMITED,INE0NNS01018,Sell,1,50.18,0.13,0.00,0.00,TT,STT Paid,icicidirect,15-Dec-2023,BSE,
NTPC,NTPC LIMITED,INE733E01010,Buy,3,324.10,2.53,0.03,0.15,TT,STT Paid,icicidirect,29-Dec-2025,NSE,
ONGC,OIL AND NATURAL GAS CORPORATIO,INE213A01029,Buy,2,118.35,2.10,0.00,0.00,Rolling,STT Paid,icicidirect,09-Sep-2021,NSE,
ONGC,OIL AND NATURAL GAS CORPORATIO,INE213A01029,Sell,2,158.50,2.81,0.01,0.00,Rolling,STT Paid,icicidirect,12-May-2022,NSE,
ONGC,OIL AND NATURAL GAS CORPORATIO,INE213A01029,Buy,10,234.53,6.10,0.07,0.35,TT,STT Paid,icicidirect,29-Dec-2025,NSE,
PARDEF,PARAS DEFENCE AND SPACE TECH,INE045601023,Buy,1,645.00,5.71,0.02,0.10,Rolling,STT Paid,icicidirect,16-Aug-2022,NSE,
PARDEF,PARAS DEFENCE AND SPACE TECH,INE045601023,Buy,1,620.00,5.49,0.01,0.00,Rolling,STT Paid,icicidirect,23-Aug-2022,NSE,
PARDEF,PARAS DEFENCE AND SPACE TECH,INE045601023,Buy,1,620.00,5.49,0.01,0.00,Rolling,STT Paid,icicidirect,23-Aug-2022,NSE,
PARDEF,PARAS DEFENCE AND SPACE TECH,INE045601023,Sell,2,708.00,12.54,0.04,0.00,Rolling,STT Paid,icicidirect,01-Sep-2022,NSE,
PARDEF,PARAS DEFENCE AND SPACE TECH,INE045601023,Sell,1,802.00,7.10,0.03,0.00,TT,STT Paid,icicidirect,24-Aug-2023,NSE,
PARMIL,PARAG MILK FOODS LIMITED,INE883N01014,Buy,1,87.75,0.78,0.00,0.00,TT,STT Paid,icicidirect,10-Apr-2023,NSE,
PARMIL,PARAG MILK FOODS LIMITED,INE883N01014,Sell,1,97.00,0.86,0.00,0.00,TT,STT Paid,icicidirect,11-May-2023,NSE,
PARPHA,PARMAX PHARMA LIMITED,INE240T01014,Buy,2,33.00,0.60,0.07,0.00,TT,STT Paid,icicidirect,23-Feb-2023,BSE,
PARPHA,PARMAX PHARMA LIMITED,INE240T01014,Buy,2,30.00,0.54,0.06,0.00,TT,STT Paid,icicidirect,24-Apr-2023,BSE,
PARPHA,PARMAX PHARMA LIMITED,INE240T01014,Sell,1,34.00,0.09,0.03,0.00,TT,STT Paid,icicidirect,27-Dec-2023,BSE,
PARPHA,PARMAX PHARMA LIMITED,INE240T01014,Buy,4,29.20,0.32,0.12,0.00,TT,STT Paid,icicidirect,25-Apr-2024,BSE,
PARPHA,PARMAX PHARMA LIMITED,INE240T01014,Sell,1,35.04,0.10,0.04,0.00,TT,STT Paid,icicidirect,09-May-2024,BSE,
PARPHA,PARMAX PHARMA LIMITED,INE240T01014,Sell,2,41.00,0.23,0.08,0.00,TT,STT Paid,icicidirect,16-Jul-2024,BSE,
PARPHA,PARMAX PHARMA LIMITED,INE240T01014,Sell,2,50.63,0.28,0.10,0.00,TT,STT Paid,icicidirect,11-Nov-2024,BSE,
PARPHO,PARADEEP PHOSPHATES LIMITED,INE088F01024,Buy,1,55.89,0.50,0.00,0.00,TT,STT Paid,icicidirect,10-May-2023,BSE,
PARPHO,PARADEEP PHOSPHATES LIMITED,INE088F01024,Sell,1,65.80,0.58,0.00,0.00,TT,STT Paid,icicidirect,01-Aug-2023,BSE,
PCJEW,PC JEWELLER LIMITED,INE785M01021,Buy,8,25.45,1.80,0.01,0.00,TT,STT Paid,icicidirect,27-Apr-2023,BSE,
PCJEW,PC JEWELLER LIMITED,INE785M01021,Sell,2,29.00,0.51,0.00,0.00,TT,STT Paid,icicidirect,07-Jul-2023,NSE,
PCJEW,PC JEWELLER LIMITED,INE785M01021,Sell,3,32.25,0.86,0.00,0.00,TT,STT Paid,icicidirect,10-Jul-2023,BSE,
PCJEW,PC JEWELLER LIMITED,INE785M01021,Sell,2,35.25,0.62,0.00,0.00,TT,STT Paid,icicidirect,11-Jul-2023,BSE,
PCJEW,PC JEWELLER LIMITED,INE785M01021,Sell,1,43.26,0.11,0.00,0.00,TT,STT Paid,icicidirect,20-Dec-2023,BSE,
PCJEW,PC JEWELLER LIMITED,INE785M01021,Buy,4,12.80,0.13,0.00,0.01,TT,STT Paid,icicidirect,10-Mar-2025,NSE,
PCJEW,PC JEWELLER LIMITED,INE785M01021,Buy,4,9.59,0.10,0.00,0.01,TT,STT Paid,icicidirect,24-Dec-2025,BSE,
PIDIND,PIDILITE INDUSTRIES LTD,INE318A01026,Buy,1,2021.00,17.90,0.07,0.30,Rolling,STT Paid,icicidirect,17-Jun-2022,NSE,
PIDIND,PIDILITE INDUSTRIES LTD,INE318A01026,Sell,1,2609.80,23.11,0.09,0.00,Rolling,STT Paid,icicidirect,05-Aug-2022,NSE,
PLAWIR,PLAZA WIRES LIMITED,INE0INJ01017,Buy,1,133.00,1.18,0.00,0.00,TT,STT Paid,icicidirect,27-Oct-2023,NSE,
PLAWIR,PLAZA WIRES LIMITED,INE0INJ01017,Buy,1,98.50,0.26,0.00,0.00,TT,STT Paid,icicidirect,20-Feb-2024,BSE,
PLAWIR,PLAZA WIRES LIMITED,INE0INJ01017,Buy,1,83.70,0.22,0.00,0.00,TT,STT Paid,icicidirect,27-Mar-2024,NSE,
PLAWIR,PLAZA WIRES LIMITED,INE0INJ01017,Sell,1,92.00,0.24,0.00,0.00,TT,STT Paid,icicidirect,03-May-2024,BSE,
PLAWIR,PLAZA WIRES LIMITED,INE0INJ01017,Buy,1,86.61,0.23,0.00,0.01,TT,STT Paid,icicidirect,01-Jul-2024,BSE,
PLAWIR,PLAZA WIRES LIMITED,INE0INJ01017,Buy,1,73.00,0.19,0.00,0.00,TT,STT Paid,icicidirect,18-Nov-2024,NSE,
PLAWIR,PLAZA WIRES LIMITED,INE0INJ01017,Buy,5,73.00,0.95,0.01,0.08,TT,STT Paid,icicidirect,18-Nov-2024,NSE,
PLAWIR,PLAZA WIRES LIMITED,INE0INJ01017,Buy,1,75.00,0.20,0.00,0.00,TT,STT Paid,icicidirect,18-Nov-2024,NSE,
PLAWIR,PLAZA WIRES LIMITED,INE0INJ01017,Buy,6,51.03,0.80,0.01,0.00,TT,STT Paid,icicidirect,08-Apr-2025,NSE,
PLAWIR,PLAZA WIRES LIMITED,INE0INJ01017,Buy,4,51.03,0.53,0.01,0.00,TT,STT Paid,icicidirect,08-Apr-2025,NSE,
PLAWIR,PLAZA WIRES LIMITED,INE0INJ01017,Buy,6,41.00,0.64,0.01,0.00,TT,STT Paid,icicidirect,19-Nov-2025,NSE,
PLAWIR,PLAZA WIRES LIMITED,INE0INJ01017,Buy,4,40.98,0.43,0.01,0.00,TT,STT Paid,icicidirect,19-Nov-2025,NSE,
PLAWIR,PLAZA WIRES LIMITED,INE0INJ01017,Buy,3,39.40,0.31,0.00,0.02,TT,STT Paid,icicidirect,16-Jan-2026,NSE,
POPVEH,POPULAR VEHICLES AND SERV LTD,INE772T01024,Buy,1,238.80,0.62,0.01,0.04,TT,STT Paid,icicidirect,01-Jul-2024,BSE,
POPVEH,POPULAR VEHICLES AND SERV LTD,INE772T01024,Buy,1,177.78,0.46,0.01,0.03,TT,STT Paid,icicidirect,04-Nov-2024,NSE,
POPVEH,POPULAR VEHICLES AND SERV LTD,INE772T01024,Buy,1,154.92,0.40,0.01,0.02,TT,STT Paid,icicidirect,14-Nov-2024,NSE,
POPVEH,POPULAR VEHICLES AND SERV LTD,INE772T01024,Buy,5,110.00,1.43,0.02,0.08,TT,STT Paid,icicidirect,10-Mar-2025,NSE,
POWINF,POWERGRID INFRA. INVEST. TRUST,INE0GGX23010,Buy,2,95.90,0.50,0.01,0.00,TT,STT Paid,icicidirect,15-Jul-2024,NSE,
POWINF,POWERGRID INFRA. INVEST. TRUST,INE0GGX23010,Buy,3,75.80,0.59,0.01,0.00,TT,STT Paid,icicidirect,13-Mar-2025,NSE,
POWINF,POWERGRID INFRA. INVEST. TRUST,INE0GGX23010,Buy,2,75.80,0.39,0.00,0.00,TT,STT Paid,icicidirect,13-Mar-2025,NSE,
PUNBAN,PUNJAB NATIONAL BANK,INE160A01022,Buy,2,63.65,1.13,0.00,0.00,TT,STT Paid,icicidirect,18-Aug-2023,NSE,
PUNBAN,PUNJAB NATIONAL BANK,INE160A01022,Sell,1,83.39,0.74,0.00,0.00,TT,STT Paid,icicidirect,04-Oct-2023,BSE,
PUNBAN,PUNJAB NATIONAL BANK,INE160A01022,Sell,1,91.95,0.24,0.00,0.00,TT,STT Paid,icicidirect,20-Dec-2023,NSE,
RAJEXP,RAJESH EXPORTS LIMITED,INE343B01030,Buy,2,550.00,9.74,0.04,0.17,TT,STT Paid,icicidirect,21-Aug-2023,NSE,
RAJEXP,RAJESH EXPORTS LIMITED,INE343B01030,Buy,1,435.00,3.85,0.01,0.00,TT,STT Paid,icicidirect,25-Oct-2023,NSE,
RAJEXP,RAJESH EXPORTS LIMITED,INE343B01030,Buy,5,300.00,3.90,0.05,0.00,TT,STT Paid,icicidirect,03-Jun-2024,NSE,
RAJEXP,RAJESH EXPORTS LIMITED,INE343B01030,Buy,1,284.10,0.74,0.01,0.04,TT,STT Paid,icicidirect,01-Jul-2024,NSE,
RAJEXP,RAJESH EXPORTS LIMITED,INE343B01030,Buy,2,262.30,1.36,0.02,0.08,TT,STT Paid,icicidirect,04-Nov-2024,NSE,
RAJEXP,RAJESH EXPORTS LIMITED,INE343B01030,Buy,2,158.60,0.83,0.01,0.00,TT,STT Paid,icicidirect,13-Mar-2025,NSE,
RAJEXP,RAJESH EXPORTS LIMITED,INE343B01030,Buy,3,158.60,1.24,0.02,0.00,TT,STT Paid,icicidirect,13-Mar-2025,NSE,
REFIND,REFEX INDUSTRIES LIMITED,INE056I01025,Buy,1,149.50,1.32,0.00,0.00,Rolling,STT Paid,icicidirect,12-Oct-2021,NSE,
REFIND,REFEX INDUSTRIES LIMITED,INE056I01025,Buy,1,149.50,1.32,0.00,0.00,Rolling,STT Paid,icicidirect,12-Oct-2021,NSE,
REFIND,REFEX INDUSTRIES LIMITED,INE056I01025,Sell,2,176.10,3.12,0.01,0.00,Rolling,STT Paid,icicidirect,13-Sep-2022,NSE,
RELIND,RELIANCE INDUSTRIES,INE002A01018,Buy,1,2553.55,22.61,0.05,0.00,Rolling,STT Paid,icicidirect,28-Sep-2021,NSE,
RELIND,RELIANCE INDUSTRIES,INE002A01018,Buy,1,2346.60,20.78,0.08,0.00,TT,STT Paid,icicidirect,16-Oct-2023,NSE,
RELIND,RELIANCE INDUSTRIES,INE002A01018,Sell,1,2490.00,6.48,0.07,0.00,TT,STT Paid,icicidirect,15-Dec-2023,BSE,
RELIND,RELIANCE INDUSTRIES,INE002A01018,Sell,1,2655.70,6.91,0.07,0.00,TT,STT Paid,icicidirect,11-Jan-2024,BSE,
RELIND,RELIANCE INDUSTRIES,INE002A01018,Buy,1,1580.00,4.11,0.05,0.00,TT,STT Paid,icicidirect,02-Jan-2026,NSE,
RELIND,RELIANCE INDUSTRIES,INE002A01018,Buy,2,1507.40,7.84,0.10,0.00,TT,STT Paid,icicidirect,06-Jan-2026,NSE,
RELIND,RELIANCE INDUSTRIES,INE002A01018,Buy,2,1410.70,7.34,0.09,0.42,TT,STT Paid,icicidirect,20-Jan-2026,NSE,
RELNIP,NIPPON LIFE IND ASSET MANAGEME,INE298J01013,Buy,4,273.50,9.69,0.03,0.00,Rolling,STT Paid,icicidirect,26-Sep-2022,NSE,
RELNIP,NIPPON LIFE IND ASSET MANAGEME,INE298J01013,Sell,1,335.00,2.97,0.01,0.00,TT,STT Paid,icicidirect,04-Oct-2023,BSE,
RELNIP,NIPPON LIFE IND ASSET MANAGEME,INE298J01013,Sell,2,389.05,6.89,0.02,0.00,TT,STT Paid,icicidirect,16-Oct-2023,BSE,
RELNIP,NIPPON LIFE IND ASSET MANAGEME,INE298J01013,Sell,1,398.00,1.04,0.01,0.00,TT,STT Paid,icicidirect,10-Nov-2023,NSE,
RKSWA,R K SWAMY LIMITED,INE0NQ801033,Buy,1,269.00,0.70,0.01,0.04,TT,STT Paid,icicidirect,01-Jul-2024,NSE,
RKSWA,R K SWAMY LIMITED,INE0NQ801033,Buy,2,227.89,1.19,0.01,0.07,TT,STT Paid,icicidirect,13-Nov-2024,NSE,
SAIL,STEEL AUTHORITY OF INDIA LTD,INE114A01011,Buy,4,84.40,2.99,0.01,0.05,TT,STT Paid,icicidirect,21-Aug-2023,NSE,
SAIL,STEEL AUTHORITY OF INDIA LTD,INE114A01011,Sell,1,89.60,0.23,0.00,0.00,TT,STT Paid,icicidirect,13-Nov-2023,BSE,
SAIL,STEEL AUTHORITY OF INDIA LTD,INE114A01011,Sell,1,94.50,0.25,0.00,0.00,TT,STT Paid,icicidirect,04-Dec-2023,BSE,
SAIL,STEEL AUTHORITY OF INDIA LTD,INE114A01011,Sell,1,100.29,0.26,0.00,0.00,TT,STT Paid,icicidirect,07-Dec-2023,BSE,
SAIL,STEEL AUTHORITY OF INDIA LTD,INE114A01011,Sell,1,111.39,0.29,0.00,0.00,TT,STT Paid,icicidirect,15-Dec-2023,BSE,
SAIL,STEEL AUTHORITY OF INDIA LTD,INE114A01011,Buy,5,150.42,1.96,0.02,0.00,TT,STT Paid,icicidirect,05-Jan-2026,NSE,
SBICAR,SBI CARDS AND PAYMENT SERV LTD,INE018E01016,Buy,2,718.00,12.72,0.05,0.00,TT,STT Paid,icicidirect,31-Jan-2023,NSE,
SBICAR,SBI CARDS AND PAYMENT SERV LTD,INE018E01016,Sell,1,795.00,7.04,0.02,0.00,TT,STT Paid,icicidirect,04-May-2023,NSE,
SBICAR,SBI CARDS AND PAYMENT SERV LTD,INE018E01016,Sell,1,866.10,7.67,0.02,0.00,TT,STT Paid,icicidirect,12-May-2023,BSE,
SBICAR,SBI CARDS AND PAYMENT SERV LTD,INE018E01016,Buy,1,802.45,7.11,0.03,0.00,TT,STT Paid,icicidirect,17-Oct-2023,NSE,
SBICAR,SBI CARDS AND PAYMENT SERV LTD,INE018E01016,Buy,1,734.00,1.91,0.02,0.00,TT,STT Paid,icicidirect,20-Nov-2023,BSE,
SBICAR,SBI CARDS AND PAYMENT SERV LTD,INE018E01016,Buy,1,712.00,1.85,0.02,0.00,TT,STT Paid,icicidirect,05-Feb-2024,NSE,
SBICAR,SBI CARDS AND PAYMENT SERV LTD,INE018E01016,Buy,5,709.95,0.00,0.00,0.00,TT,STT Paid,icicidirect,04-Jun-2024,BSE,
SBICAR,SBI CARDS AND PAYMENT SERV LTD,INE018E01016,Buy,5,679.25,8.84,0.11,0.51,TT,STT Paid,icicidirect,13-Nov-2024,NSE,
SBICAR,SBI CARDS AND PAYMENT SERV LTD,INE018E01016,Sell,1,869.45,2.26,0.03,0.00,TT,STT Paid,icicidirect,24-Dec-2025,BSE,
SBIGOL,SBI-ETF GOLD,INF200KA16D8,Buy,10,116.75,3.04,0.05,0.18,TT,STT Not Paid,icicidirect,24-Dec-2025,BSE,
SBISIL,SBI SILVER ETF,INF200KB1217,Buy,10,246.00,6.40,0.08,0.00,TT,STT Paid,icicidirect,29-Dec-2025,NSE,
SBISIL,SBI SILVER ETF,INF200KB1217,Buy,38,246.00,24.32,0.30,0.00,TT,STT Paid,icicidirect,29-Dec-2025,NSE,
SBISIL,SBI SILVER ETF,INF200KB1217,Buy,62,245.99,39.68,0.48,4.01,TT,STT Paid,icicidirect,29-Dec-2025,NSE,
SBISIL,SBI SILVER ETF,INF200KB1217,Buy,2,267.47,1.39,0.02,0.00,TT,STT Paid,icicidirect,14-Jan-2026,NSE,
SHACRO,SHARDA CROPCHEM LIMITED,INE221J01015,Buy,1,431.65,3.82,0.01,0.06,TT,STT Paid,icicidirect,07-Aug-2023,NSE,
SHACRO,SHARDA CROPCHEM LIMITED,INE221J01015,Buy,1,365.00,0.95,0.01,0.00,TT,STT Paid,icicidirect,23-Feb-2024,NSE,
SHACRO,SHARDA CROPCHEM LIMITED,INE221J01015,Sell,1,489.60,1.27,0.01,0.00,TT,STT Paid,icicidirect,02-Jul-2024,BSE,
SHACRO,SHARDA CROPCHEM LIMITED,INE221J01015,Sell,1,735.00,1.91,0.02,0.00,TT,STT Paid,icicidirect,04-Nov-2024,BSE,
SRERAY,TGV SRAAC LIMITED,INE284B01028,Buy,2,95.00,1.68,0.01,0.00,TT,STT Paid,icicidirect,31-Jul-2023,BSE,
SRERAY,TGV SRAAC LIMITED,INE284B01028,Sell,1,114.50,1.01,0.00,0.00,TT,STT Paid,icicidirect,04-Oct-2023,BSE,
SRERAY,TGV SRAAC LIMITED,INE284B01028,Buy,1,88.99,0.23,0.00,0.00,TT,STT Paid,icicidirect,13-May-2024,BSE,
SRERAY,TGV SRAAC LIMITED,INE284B01028,Buy,8,82.00,1.71,0.02,0.00,TT,STT Paid,icicidirect,03-Jun-2024,BSE,
SRERAY,TGV SRAAC LIMITED,INE284B01028,Sell,1,95.20,0.25,0.00,0.00,TT,STT Paid,icicidirect,18-Jul-2024,BSE,
SRERAY,TGV SRAAC LIMITED,INE284B01028,Sell,5,98.25,1.28,0.01,0.00,TT,STT Paid,icicidirect,02-Aug-2024,BSE,
SRERAY,TGV SRAAC LIMITED,INE284B01028,Sell,1,116.30,0.30,0.00,0.00,TT,STT Paid,icicidirect,11-Nov-2024,BSE,
STABAN,STATE BANK OF INDIA,INE062A01020,Buy,2,572.80,10.15,0.04,0.00,TT,STT Paid,icicidirect,28-Aug-2023,NSE,
STABAN,STATE BANK OF INDIA,INE062A01020,Buy,2,565.00,10.01,0.04,0.00,TT,STT Paid,icicidirect,31-Aug-2023,NSE,
STABAN,STATE BANK OF INDIA,INE062A01020,Sell,1,600.00,5.31,0.02,0.00,TT,STT Paid,icicidirect,04-Oct-2023,NSE,
STABAN,STATE BANK OF INDIA,INE062A01020,Sell,1,659.40,1.72,0.02,0.00,TT,STT Paid,icicidirect,20-Dec-2023,BSE,
STABAN,STATE BANK OF INDIA,INE062A01020,Sell,1,773.00,2.01,0.02,0.00,TT,STT Paid,icicidirect,22-Feb-2024,BSE,
STABAN,STATE BANK OF INDIA,INE062A01020,Sell,1,836.25,2.18,0.02,0.00,TT,STT Paid,icicidirect,02-Jul-2024,BSE,
SULVIN,SULA VINEYARDS LIMITED,INE142Q01026,Buy,42,357.00,0.00,0.00,0.00,Rolling,STT Paid,icicidirect,20-Dec-2022,NSE,
SULVIN,SULA VINEYARDS LIMITED,INE142Q01026,Sell,38,338.45,83.52,0.30,0.00,TT,STT Paid,icicidirect,23-Dec-2022,NSE,
SULVIN,SULA VINEYARDS LIMITED,INE142Q01026,Sell,2,332.00,5.88,0.02,0.00,TT,STT Paid,icicidirect,23-Dec-2022,NSE,
SULVIN,SULA VINEYARDS LIMITED,INE142Q01026,Sell,2,520.00,9.21,0.03,0.00,TT,STT Paid,icicidirect,31-Jul-2023,BSE,
TATCAP,TATA CAPITAL LIMITED,INE976I01016,Buy,46,326.00,0.00,0.00,0.00,Rolling,STT Paid,icicidirect,10-Oct-2025,NSE,
TATCAP,TATA CAPITAL LIMITED,INE976I01016,Sell,1,354.35,0.92,0.01,0.00,TT,STT Paid,icicidirect,07-Jan-2026,BSE,
TATMOT,TATA MOTORS PAX VEHICLES LTD,INE155A01022,Buy,3,373.45,2.91,0.04,0.00,TT,STT Paid,icicidirect,05-Jan-2026,NSE,
TATMOT,TATA MOTORS PAX VEHICLES LTD,INE155A01022,Buy,3,361.20,2.82,0.03,0.16,TT,STT Paid,icicidirect,07-Jan-2026,NSE,
TATMOT,TATA MOTORS PAX VEHICLES LTD,INE155A01022,Buy,3,345.30,2.70,0.03,0.16,TT,STT Paid,icicidirect,19-Jan-2026,NSE,
TATSTE,TATA STEEL LIMITED,INE081A01020,Buy,1,172.81,0.45,0.01,0.03,TT,STT Paid,icicidirect,29-Dec-2025,NSE,
TCM,TCM LTD,INE034F01010,Buy,2,36.50,0.66,0.07,0.00,TT,STT Paid,icicidirect,31-Jul-2023,BSE,
TCM,TCM LTD,INE034F01010,Sell,2,54.60,0.99,0.11,0.00,TT,STT Paid,icicidirect,20-Oct-2023,BSE,
TRILTD,TRIDENT LTD,INE064C01022,Buy,2,20.70,0.37,0.00,0.00,Rolling,STT Paid,icicidirect,17-Aug-2021,BSE,
TRILTD,TRIDENT LTD,INE064C01022,Sell,2,46.00,0.81,0.00,0.00,Rolling,STT Paid,icicidirect,12-May-2022,NSE,
TRILTD,TRIDENT LTD,INE064C01022,Buy,1,39.00,0.10,0.00,0.00,TT,STT Paid,icicidirect,25-Jun-2024,BSE,
TRILTD,TRIDENT LTD,INE064C01022,Buy,4,35.13,0.37,0.00,0.02,TT,STT Paid,icicidirect,04-Nov-2024,NSE,
TRILTD,TRIDENT LTD,INE064C01022,Buy,20,25.00,1.30,0.02,0.08,TT,STT Paid,icicidirect,12-Mar-2025,NSE,
TUTALK,TUTICORIN ALKALI CHEMICALS & F,INE400A01014,Buy,1,60.90,0.55,0.06,0.00,TT,STT Paid,icicidirect,10-Aug-2023,BSE,
TUTALK,TUTICORIN ALKALI CHEMICALS & F,INE400A01014,Sell,1,77.15,0.70,0.08,0.00,TT,STT Paid,icicidirect,04-Oct-2023,BSE,
TUTALK,TUTICORIN ALKALI CHEMICALS & F,INE400A01014,Buy,5,53.50,0.74,0.27,0.04,TT,STT Paid,icicidirect,29-Dec-2025,BSE,
UDACEM,UDAIPUR CEMENT WORKS LIMITED,INE225C01029,Buy,3,28.80,0.77,0.00,0.00,TT,STT Paid,icicidirect,03-May-2023,NSE,
UDACEM,UDAIPUR CEMENT WORKS LIMITED,INE225C01029,Buy,3,28.80,0.77,0.00,0.00,TT,STT Paid,icicidirect,03-May-2023,NSE,
UDACEM,UDAIPUR CEMENT WORKS LIMITED,INE225C01029,Sell,3,31.00,0.82,0.00,0.00,TT,STT Paid,icicidirect,08-Jun-2023,BSE,
UDACEM,UDAIPUR CEMENT WORKS LIMITED,INE225C01029,Sell,2,35.99,0.64,0.00,0.00,TT,STT Paid,icicidirect,23-Oct-2023,BSE,
UDACEM,UDAIPUR CEMENT WORKS LIMITED,INE225C01029,Sell,1,40.00,0.10,0.00,0.00,TT,STT Paid,icicidirect,21-May-2024,NSE,
UDAINF,UDAYSHIVAKUMAR INFRA LIMITED,INE0N0Y01013,Buy,6,30.15,1.60,0.01,0.00,TT,STT Paid,icicidirect,10-May-2023,BSE,
UDAINF,UDAYSHIVAKUMAR INFRA LIMITED,INE0N0Y01013,Sell,2,38.82,0.69,0.00,0.00,TT,STT Paid,icicidirect,16-Oct-2023,BSE,
UDAINF,UDAYSHIVAKUMAR INFRA LIMITED,INE0N0Y01013,Sell,1,41.15,0.11,0.00,0.00,TT,STT Paid,icicidirect,12-Dec-2023,NSE,
UDAINF,UDAYSHIVAKUMAR INFRA LIMITED,INE0N0Y01013,Sell,2,43.00,0.22,0.00,0.00,TT,STT Paid,icicidirect,13-Dec-2023,BSE,
UDAINF,UDAYSHIVAKUMAR INFRA LIMITED,INE0N0Y01013,Sell,1,49.55,0.13,0.00,0.00,TT,STT Paid,icicidirect,11-Jan-2024,BSE,
UDAINF,UDAYSHIVAKUMAR INFRA LIMITED,INE0N0Y01013,Buy,5,23.50,0.31,0.00,0.02,TT,STT Paid,icicidirect,29-Dec-2025,NSE,
VAIGLO,VAIBHAV GLOBAL LIMITED,INE884A01027,Buy,1,273.15,2.42,0.01,0.00,TT,STT Paid,icicidirect,29-Mar-2023,NSE,
VAIGLO,VAIBHAV GLOBAL LIMITED,INE884A01027,Sell,1,319.00,2.82,0.01,0.00,TT,STT Paid,icicidirect,02-May-2023,NSE,
VAIGLO,VAIBHAV GLOBAL LIMITED,INE884A01027,Buy,5,277.00,3.60,0.04,0.21,TT,STT Paid,icicidirect,13-Nov-2024,NSE,
VAIGLO,VAIBHAV GLOBAL LIMITED,INE884A01027,Buy,5,208.35,2.71,0.03,0.00,TT,STT Paid,icicidirect,09-Apr-2025,NSE,
VEDLIM,VEDANTA LIMITED,INE205A01025,Buy,1,254.10,2.25,0.01,0.00,TT,STT Paid,icicidirect,03-Aug-2023,NSE,
VEDLIM,VEDANTA LIMITED,INE205A01025,Buy,1,248.00,2.20,0.01,0.11,TT,STT Paid,icicidirect,07-Aug-2023,NSE,
VEDLIM,VEDANTA LIMITED,INE205A01025,Buy,1,245.50,2.17,0.01,0.00,TT,STT Paid,icicidirect,07-Aug-2023,NSE,
VEDLIM,VEDANTA LIMITED,INE205A01025,Buy,1,240.50,2.13,0.01,0.00,TT,STT Paid,icicidirect,07-Aug-2023,NSE,
VEDLIM,VEDANTA LIMITED,INE205A01025,Sell,1,266.25,0.69,0.01,0.00,TT,STT Paid,icicidirect,19-Dec-2023,NSE,
VEDLIM,VEDANTA LIMITED,INE205A01025,Sell,1,305.50,0.79,0.01,0.00,TT,STT Paid,icicidirect,03-Apr-2024,BSE,
VEDLIM,VEDANTA LIMITED,INE205A01025,Sell,1,365.00,0.95,0.01,0.00,TT,STT Paid,icicidirect,15-Apr-2024,BSE,
VEDLIM,VEDANTA LIMITED,INE205A01025,Sell,1,443.90,0.00,0.00,0.00,TT,STT Paid,icicidirect,04-Jun-2024,BSE,
VRAIRO,VRAJ IRON AND STEEL LIMITED,INE0S2V01010,Buy,1,274.60,0.71,0.01,0.00,TT,STT Paid,icicidirect,05-Jul-2024,BSE,
VRAIRO,VRAJ IRON AND STEEL LIMITED,INE0S2V01010,Buy,1,235.55,0.61,0.01,0.00,TT,STT Paid,icicidirect,09-Jul-2024,NSE,
VRAIRO,VRAJ IRON AND STEEL LIMITED,INE0S2V01010,Buy,3,235.00,1.83,0.02,0.00,TT,STT Paid,icicidirect,09-Jul-2024,NSE,
VRAIRO,VRAJ IRON AND STEEL LIMITED,INE0S2V01010,Buy,3,227.00,1.77,0.02,0.00,TT,STT Paid,icicidirect,10-Jul-2024,NSE,
VRAIRO,VRAJ IRON AND STEEL LIMITED,INE0S2V01010,Sell,8,122.75,2.56,0.04,0.00,TT,STT Paid,icicidirect,29-Dec-2025,BSE,
WIPRO,WIPRO LTD,INE075A01022,Buy,5,501.55,22.21,0.07,0.00,Rolling,STT Paid,icicidirect,02-May-2022,NSE,
WIPRO,WIPRO LTD,INE075A01022,Buy,10,462.10,40.92,0.13,0.00,Rolling,STT Paid,icicidirect,19-May-2022,NSE,
WIPRO,WIPRO LTD,INE075A01022,Buy,10,462.50,40.96,0.13,1.00,Rolling,STT Paid,icicidirect,19-May-2022,NSE,
WIPRO,WIPRO LTD,INE075A01022,Sell,15,383.10,41.33,0.19,0.00,Rolling,STT Paid,icicidirect,23-Dec-2022,NSE,
WIPRO,WIPRO LTD,INE075A01022,Sell,1,529.50,1.38,0.01,0.00,TT,STT Paid,icicidirect,04-Jul-2024,BSE,
WIPRO,WIPRO LTD,INE075A01022,Buy,9,0.00,0.00,0.00,0.00,TT,STT Not Paid,icicidirect,05-Dec-2024,NSE,
ZEROSE,ZERODHA SILVER ETF,INF0R8F01091,Buy,100,25.00,6.50,0.08,0.38,TT,STT Paid,icicidirect,29-Dec-2025,NSE,
ZEROSE,ZERODHA SILVER ETF,INF0R8F01091,Buy,5,26.19,0.34,0.00,0.00,TT,STT Paid,icicidirect,13-Jan-2026,NSE,
ZEROSE,ZERODHA SILVER ETF,INF0R8F01091,Buy,25,28.29,1.84,0.02,0.11,TT,STT Paid,icicidirect,16-Jan-2026,NSE,
ZOMLIM,ETERNAL LIMITED,INE758T01015,Buy,10,68.15,6.04,0.02,0.00,Rolling,STT Paid,icicidirect,18-Aug-2022,NSE,
ZOMLIM,ETERNAL LIMITED,INE758T01015,Buy,20,56.35,9.98,0.04,0.00,Rolling,STT Paid,icicidirect,23-Dec-2022,NSE,
ZOMLIM,ETERNAL LIMITED,INE758T01015,Sell,10,61.00,5.40,0.02,0.00,TT,STT Paid,icicidirect,27-Apr-2023,NSE,
ZOMLIM,ETERNAL LIMITED,INE758T01015,Sell,10,66.00,5.84,0.02,0.00,TT,STT Paid,icicidirect,28-Apr-2023,NSE,
ZOMLIM,ETERNAL LIMITED,INE758T01015,Sell,1,68.00,0.60,0.00,0.00,TT,STT Paid,icicidirect,25-May-2023,BSE,
ZOMLIM,ETERNAL LIMITED,INE758T01015,Sell,8,75.00,5.31,0.02,0.00,TT,STT Paid,icicidirect,07-Jun-2023,NSE,
ZOMLIM,ETERNAL LIMITED,INE758T01015,Sell,1,85.00,0.75,0.00,0.00,TT,STT Paid,icicidirect,14-Jul-2023,BSE,
