Stock Symbol,Company Name,ISIN Code,Qty,Average Cost Price,Current Market Price,% Change over prev close,Value At Cost,Value At Market Price,Realized Profit / Loss,Unrealized Profit/Loss,Unrealized Profit/Loss %,
MOTSU,MOTHERSON SUMI WIRING IND LTD,INE0FS801015,5,47.09,47.84,- 1.69,235.45,239.20,4.02,3.75,1.59,
HERHON,HERO MOTOCORP LIMITED,INE158A01026,2,4247.47,5773.00,- 1.32,8494.94,11546.00,0.00,3051.06,35.92,
TATMOT,TATA MOTORS PAX VEHICLES LTD,INE155A01022,6,368.32,354.15,- 1.47,2209.92,2124.90,0.00,-85.02,(3.85),
AKMFIN,AKME FINTRADE INDIA LIMITED,INE916Y01027,179,10.69,5.93,- 3.73,1913.51,1061.47,(4.44),-852.04,(44.53),
TATCAP,TATA CAPITAL LIMITED,INE976I01016,45,326.00,360.00,+ 1.55,14670.00,16200.00,27.42,1530.00,10.43,
BANBAN,BANDHAN BANK LIMITED,INE545U01014,5,189.75,144.03,- 0.66,948.75,720.15,(3.73),-228.60,(24.09),
CITUNI,CITY UNION BANK LTD,INE491A01021,2,123.10,281.10,+ 0.57,246.20,562.20,369.06,316.00,128.35,
IDFBAN,IDFC FIRST BANK LIMITED,INE092T01019,9,53.69,86.00,- 0.08,483.21,774.00,72.14,290.79,60.18,
INDBA,INDUSIND BANK LIMITED,INE095A01012,5,1062.44,882.25,- 0.14,5312.20,4411.25,0.00,-900.95,(16.96),
KOTMAH,KOTAK MAHINDRA BANK LTD,INE237A01028,2,1781.42,2126.80,- 0.29,3562.84,4253.60,0.00,690.76,19.39,
AARIND,AARTI INDUSTRIES LTD,INE769A01020,20,403.71,361.65,- 1.90,8074.20,7233.00,476.16,-841.20,(10.42),
AETIND,AETHER INDUSTRIES LIMITED,INE0BWX01014,2,642.00,979.85,- 0.54,1284.00,1959.70,3322.19,675.70,52.62,
BODCHE,BODAL CHEMICALS LTD,INE338D01028,10,54.15,49.67,- 1.31,541.50,496.70,12.22,-44.80,(8.27),
INDPES,INDIA PESTICIDES LIMITED,INE0D6701023,18,187.68,168.35,- 1.88,3378.24,3030.30,0.00,-347.94,(10.30),
SRERAY,TGV SRAAC LIMITED,INE284B01028,3,82.22,101.45,- 2.45,246.66,304.35,122.39,57.69,23.39,
TUTALK,TUTICORIN ALKALI CHEMICALS & F,INE400A01014,5,53.71,45.98,- 4.37,268.55,229.90,14.86,-38.65,(14.39),
EMBOFF,EMBASSY OFFICE PARKS REIT,INE041025011,1,309.77,436.52,+ 0.22,309.77,436.52,139.53,126.75,40.92,
NBCC,NBCC (INDIA) LIMITED,INE095N01031,1,126.20,109.20,- 2.58,126.20,109.20,0.00,-17.00,(13.47),
AVESUP,AVENUE SUPERMARTS LTD DMART,INE192R01011,2,3813.33,3801.30,+ 0.30,7626.66,7602.60,0.00,-24.06,(0.32),
CAMACT,CAMPUS ACTIVEWEAR LIMITED,INE278Y01022,15,299.44,254.75,- 1.75,4491.60,3821.25,1921.44,-670.35,(14.92),
BANBEE,NIPPON INDIA ETF NIF BANK BEES,INF204KB15I9,1,439.76,611.83,- 0.77,439.76,611.83,46.16,172.07,39.13,
HDFGOL,HDFC GOLD ETF,INF179KC1981,481,117.57,117.14,+ 1.04,56551.17,56344.34,0.00,-206.83,(0.37),
HDFSIL,HDFC SILVER ETF,INF179KC1DI2,10,238.75,231.26,+ 3.28,2387.50,2312.60,0.00,-74.90,(3.14),
ICI100,ICICI PRUDENTIAL NIFTY 100 ETF,INF109KC16V9,10,29.73,29.22,- 0.78,297.30,292.20,0.00,-5.10,(1.72),
ICIGOL,ICICI PRUDENTIAL GOLD ETF,INF109KC1NT3,10,117.68,117.57,+ 1.14,1176.80,1175.70,0.00,-1.10,(0.09),
ICINIF,ICICI PRUDENTIAL NIFTY 50 ETF,INF109K012R6,5,293.83,289.33,- 0.72,1469.15,1446.65,0.00,-22.50,(1.53),
KOTGOL,KOTAK  GOLD ETF,INF174KA1HJ8,1120,102.21,114.48,+ 1.28,114475.20,128217.60,0.00,13742.40,12.00,
MOTGTF,MOTILAL OSWAL GOLD ETF,INF247L01FY4,20,135.79,136.30,+ 1.83,2715.80,2726.00,0.00,10.20,0.38,
MOTSIL,MOTILAL OSWAL SILVER ETF,INF247L01FZ1,10,245.57,238.32,+ 3.45,2455.70,2383.20,0.00,-72.50,(2.95),
NIFBEE,NIPPON INDIA ETF NIFTY 50 BEES,INF204KB14I2,5,268.57,290.59,- 0.80,1342.85,1452.95,283.24,110.10,8.20,
NIPSIL,NIPPON INDIA SILVER ETF,INF204KC1402,110,217.15,230.37,+ 3.06,23886.50,25340.70,0.00,1454.20,6.09,
SBIGOL,SBI-ETF GOLD,INF200KA16D8,10,117.08,117.05,+ 1.14,1170.80,1170.50,0.00,-0.30,(0.03),
SBISIL,SBI SILVER ETF,INF200KB1217,110,246.68,235.98,+ 2.90,27134.80,25957.80,0.00,-1177.00,(4.34),
ZEROSE,ZERODHA SILVER ETF,INF0R8F01091,100,25.07,24.40,+ 2.65,2507.00,2440.00,0.00,-67.00,(2.67),
COLPAL,COLGATE-PALMOLIVE (INDIA) LTD,INE259A01022,5,2059.10,2056.00,+ 0.46,10295.50,10280.00,52.11,-15.50,(0.15),
DABIND,DABUR INDIA LTD,INE016A01026,71,497.43,522.40,+ 0.57,35317.53,37090.40,1398.61,1772.87,5.02,
GOPSNA,GOPAL SNACKS LTD,INE0L9R01028,10,276.00,321.40,- 2.06,2760.00,3214.00,162.77,454.00,16.45,
CREGRA,CREDITACCESS GRAMEEN LIMITED,INE741K01010,5,1018.93,1325.00,- 0.88,5094.65,6625.00,0.00,1530.35,30.04,
INDREN,INDIAN RENEW. ENG.DEV. AGY LTD,INE202E01016,40,32.00,136.61,- 3.24,1280.00,5464.40,36595.61,4184.40,326.91,
JIOFIN,JIO FINANCIAL SERVICES LIMITED,INE758E01017,10,219.31,287.25,- 2.15,2193.10,2872.50,461.76,679.40,30.98,
POWINF,POWERGRID INFRA. INVEST. TRUST,INE0GGX23010,7,81.76,91.98,- 0.90,572.32,643.86,0.00,71.54,12.50,
SBICAR,SBI CARDS AND PAYMENT SERV LTD,INE018E01016,12,700.44,863.20,- 1.03,8405.28,10358.40,255.14,1953.12,23.24,
PCJEW,PC JEWELLER LIMITED,INE785M01021,8,11.23,10.42,- 2.25,89.84,83.36,61.00,-6.48,(7.21),
RAJEXP,RAJESH EXPORTS LIMITED,INE343B01030,16,291.18,168.68,- 1.76,4658.88,2698.88,0.00,-1960.00,(42.07),
VAIGLO,VAIBHAV GLOBAL LIMITED,INE884A01027,10,243.33,222.66,- 2.33,2433.30,2226.60,40.59,-206.70,(8.49),
INFTEC,INFOSYS LTD,INE009A01021,1,1758.43,1614.10,+ 0.05,1758.43,1614.10,0.00,-144.33,(8.21),
WIPRO,WIPRO LTD,INE075A01022,18,233.35,261.95,- 0.10,4200.30,4715.10,(1425.70),514.80,12.26,
UDAINF,UDAYSHIVAKUMAR INFRA LIMITED,INE0N0Y01013,5,23.57,22.81,+ 1.60,117.85,114.05,70.67,-3.80,(3.22),
HDFSTA,HDFC LIFE INSURANCE COM LTD,INE795G01014,1,595.45,749.90,- 1.09,595.45,749.90,142.94,154.45,25.94,
DELCOR,DELTA CORP LIMITED,INE124G01033,11,105.84,67.59,- 1.31,1164.24,743.49,24.86,-420.75,(36.14),
HINCOP,HINDUSTAN COPPER LIMITED,INE531E01026,2,519.42,520.80,+ 0.01,1038.84,1041.60,0.00,2.76,0.27,
MADCOP,MADHAV COPPER LIMITED,INE813V01022,2,65.13,74.60,+ 5.00,130.26,149.20,0.00,18.94,14.54,
FLAWRI,FLAIR WRITING INDUSTRIE LTD,INE00Y201027,13,241.71,317.50,- 0.24,3142.23,4127.50,37.14,985.27,31.36,
PLAWIR,PLAZA WIRES LIMITED,INE0INJ01017,30,56.89,39.67,- 1.73,1706.70,1190.10,(42.43),-516.60,(30.27),
POPVEH,POPULAR VEHICLES AND SERV LTD,INE772T01024,8,140.58,113.50,- 0.22,1124.64,908.00,0.00,-216.64,(19.26),
RKSWA,R K SWAMY LIMITED,INE0NQ801033,3,242.27,108.92,- 0.29,726.81,326.76,0.00,-400.05,(55.04),
ASIPAI,ASIAN PAINTS INDIA LTD,INE021A01026,2,2476.87,2825.50,+ 1.40,4953.74,5651.00,0.00,697.26,14.08,
ANUPHA,ANUH PHARMA LTD,INE489G01022,10,81.23,76.64,- 1.19,812.30,766.40,30.61,-45.90,(5.65),
BIOCON,BIOCON LIMITED,INE376G01013,3,315.34,379.60,+ 0.44,946.02,1138.80,150.46,192.78,20.38,
CIPLA,CIPLA LIMITED,INE059A01026,2,1510.19,1465.70,+ 0.35,3020.38,2931.40,0.00,-88.98,(2.95),
PARPHA,PARMAX PHARMA LIMITED,INE240T01014,2,29.31,39.18,+ 5.92,58.62,78.36,65.46,19.74,33.67,
ADAPOW,ADANI POWER LIMITED,INE814H01029,10,31.68,141.68,- 0.85,316.80,1416.80,5279.48,1100.00,347.22,
ADATRA,ADANI ENERGY SOLUTIONS LIMITED,INE931S01010,4,840.12,960.60,- 3.39,3360.48,3842.40,0.00,481.92,14.34,
IRMENE,IRM ENERGY LIMITED,INE07U701015,9,481.61,273.90,- 2.28,4334.49,2465.10,(302.39),-1869.39,(43.13),
NTPC,NTPC LIMITED,INE733E01010,3,325.00,336.00,- 2.44,975.00,1008.00,0.00,33.00,3.38,
ADAGAS,ADANI TOTAL GAS LIMITED,INE399L01023,9,673.08,556.55,- 1.35,6057.72,5008.95,0.00,-1048.77,(17.31),
BHAPET,BHARAT PETROLEUM CORPN LTD,INE029A01011,17,262.30,354.15,- 0.11,4459.10,6020.55,243.13,1561.45,35.02,
INDGAS,INDRAPRASHTHA GAS LTD,INE203G01027,46,177.54,186.83,+ 0.64,8166.84,8594.18,286.46,427.34,5.23,
MAHGAS,MAHANAGAR GAS LIMITED,INE002S01010,1,1084.40,1058.60,- 0.11,1084.40,1058.60,0.00,-25.80,(2.38),
ONGC,OIL AND NATURAL GAS CORPORATIO,INE213A01029,10,235.18,234.09,+ 1.15,2351.80,2340.90,75.38,-10.90,(0.46),
RELIND,RELIANCE INDUSTRIES,INE002A01018,3,1535.63,1475.30,+ 0.32,4606.89,4425.90,188.50,-180.99,(3.93),
SAIL,STEEL AUTHORITY OF INDIA LTD,INE114A01011,5,150.82,145.67,- 0.54,754.10,728.35,54.07,-25.75,(3.41),
TATSTE,TATA STEEL LIMITED,INE081A01020,1,173.30,178.40,- 0.95,173.30,178.40,0.00,5.10,2.94,
DHASUG,DHAMPUR SUGAR MILLS LTD,INE041A01016,52,154.12,117.99,- 2.48,8014.24,6135.48,136.07,-1878.76,(23.44),
TRILTD,TRIDENT LTD,INE064C01022,25,27.26,26.19,- 3.39,681.50,654.75,49.42,-26.75,(3.93),
ITC,ITC LIMITED,INE154A01025,71,368.35,337.15,- 1.10,26152.85,23937.65,0.00,-2215.20,(8.47),
ADAENT,ADANI ENTERPRISES LIMITED,INE423A01024,2,1959.34,2153.70,- 2.72,3918.68,4307.40,2486.06,388.72,9.92,
APOTYR,APOLLO TYRES LTD,INE438A01022,1,508.77,504.40,- 2.99,508.77,504.40,0.00,-4.37,(0.86),
